race_id,date,venue,race_number,formation,first_numbers,second_numbers,third_numbers,decision,ticket_count,estimated_hit_rate,confidence,actual_hit,hit_ticket,stake_units,return_units,profit_units,first_back_max,first_chigire_max,first_p1_max,time_band,field_size,race_class_scope
20250527-21-09,2025-05-27,弥彦,9,145-14-1247,145,14,1247,BUY,10,0.150592995493,B,False,1-7-5,10.0,0.0,-10.0,14,0.406,0.297182550412,day,7,s
20250527-37-11,2025-05-27,伊東,11,147-14-1247,147,14,1247,BUY,8,0.141437195387,B,True,4-1-7,8.0,18.3,10.3,10,0.347,0.298076556528,day,7,s
20250528-21-06,2025-05-28,弥彦,6,127-17-1347,127,17,1347,BUY,10,0.141130643507,B,True,2-1-7,10.0,73.3,63.3,18,0.4078,0.279601467955,day,7,s
20250528-37-06,2025-05-28,伊東,6,234-24-1247,234,24,1247,BUY,10,0.146502322401,B,False,5-4-1,10.0,0.0,-10.0,15,0.566,0.347372330868,day,7,s
20250528-45-09,2025-05-28,豊橋,9,147-12-1247,147,12,1247,BUY,10,0.149639337085,B,False,4-7-2,10.0,0.0,-10.0,15,0.4392,0.385073730441,day,7,s
20250529-21-05,2025-05-29,弥彦,5,145-15-1345,145,15,1345,BUY,8,0.146250156615,B,True,1-5-3,8.0,4.4,-3.6,17,0.3317,0.269787576907,day,6,s
20250529-21-07,2025-05-29,弥彦,7,257-25-1257,257,25,1257,BUY,8,0.143030507384,B,False,2-7-1,8.0,0.0,-8.0,8,0.5228,0.266386622812,day,7,s
20250529-21-09,2025-05-29,弥彦,9,127-27-2347,127,27,2347,BUY,10,0.144465115505,B,False,7-6-1,10.0,0.0,-10.0,9,0.4047,0.290876320544,day,7,s
20250529-45-09,2025-05-29,豊橋,9,247-23-2347,247,23,2347,BUY,10,0.140911012659,B,True,7-2-3,10.0,6.7,-3.3,15,0.5123,0.293724026451,day,7,s
20250529-71-10,2025-05-29,高松,10,125-15-1457,125,15,1457,BUY,10,0.140213189635,B,True,5-1-7,10.0,4.8,-5.2,15,0.4462,0.309672362314,day,7,s
20250531-48-07,2025-05-31,四日市,7,134-13-1357,134,13,1357,BUY,10,0.138981752041,B,True,1-3-5,10.0,64.1,54.1,12,0.4065,0.306811986075,day,7,s
20250531-48-08,2025-05-31,四日市,8,125-15-1257,125,15,1257,BUY,8,0.143346328996,B,True,2-5-1,8.0,42.8,34.8,10,0.455,0.295327094695,day,7,s
20250531-48-10,2025-05-31,四日市,10,245-25-1257,245,25,1257,BUY,10,0.144710384167,B,True,2-5-7,10.0,2.4,-7.6,12,0.375,0.310852422767,day,7,s
20250531-48-11,2025-05-31,四日市,11,125-15-1345,125,15,1345,BUY,10,0.156229492989,B,True,1-5-4,10.0,5.0,-5.0,16,0.5105,0.307102674284,day,7,s
20250602-51-11,2025-06-02,福井,11,134-45-1345,134,45,1345,BUY,10,0.171305814669,B,True,1-4-3,10.0,6.8,-3.2,12,0.4983,0.313410379419,day,7,s
20250603-11-06,2025-06-03,函館,6,135-13-1235,135,13,1235,BUY,8,0.194732317188,A,True,5-3-1,8.0,40.0,32.0,10,0.3055,0.263192450231,day,5,s
20250603-51-06,2025-06-03,福井,6,124-24-1234,124,24,1234,BUY,8,0.158940306559,B,False,2-4-5,8.0,0.0,-8.0,16,0.4983,0.265209463247,day,6,s
20250606-44-06,2025-06-06,大垣,6,147-14-1345,147,14,1345,BUY,10,0.138455471486,B,False,1-7-4,10.0,0.0,-10.0,13,0.3855,0.267446682874,day,7,s
20250606-44-11,2025-06-06,大垣,11,245-45-2457,245,45,2457,BUY,8,0.156216295829,B,True,2-4-5,8.0,2.7,-5.3,13,0.3558,0.268519441192,day,7,s
20250607-44-06,2025-06-07,大垣,6,124-12-1234,124,12,1234,BUY,8,0.15234928992,B,True,2-1-3,8.0,13.9,5.9,11,0.549,0.3319441869,day,6,s
20250609-24-07,2025-06-09,宇都宮,7,457-47-2347,457,47,2347,BUY,10,0.144685153201,B,False,4-3-7,10.0,0.0,-10.0,12,0.3785,0.286715757578,day,7,s
20250609-24-09,2025-06-09,宇都宮,9,247-27-1247,247,27,1247,BUY,8,0.143986994549,B,False,4-2-3,8.0,0.0,-8.0,14,0.347,0.289969735272,day,7,s
20250609-53-09,2025-06-09,奈良,9,345-35-2345,345,35,2345,BUY,8,0.172219525525,B,False,5-2-3,8.0,0.0,-8.0,12,0.3213,0.324052081209,day,6,s
20250610-61-11,2025-06-10,玉野,11,257-27-1257,257,27,1257,BUY,8,0.149618545737,B,True,7-2-1,8.0,5.8,-2.2,12,0.3715,0.344844172019,day,7,s
20250611-24-05,2025-06-11,宇都宮,5,235-35-1345,235,35,1345,BUY,10,0.158371572891,B,False,3-2-5,10.0,0.0,-10.0,12,0.4948,0.334866422845,day,6,s
20250611-24-06,2025-06-11,宇都宮,6,136-13-1345,136,13,1345,BUY,10,0.162899622473,B,False,1-5-6,10.0,0.0,-10.0,9,0.559,0.298670782451,day,6,s
20250617-31-06,2025-06-17,松戸,6,124-24-2457,124,24,2457,BUY,10,0.158472353728,B,False,2-7-4,10.0,0.0,-10.0,10,0.5345,0.307397141667,day,7,s
20250618-31-10,2025-06-18,松戸,10,137-37-2357,137,37,2357,BUY,10,0.150311496695,B,False,1-5-2,10.0,0.0,-10.0,14,0.5052,0.27585057651,day,7,s
20250618-81-07,2025-06-18,小倉,7,357-37-1237,357,37,1237,BUY,10,0.138754380268,B,False,3-7-5,10.0,0.0,-10.0,11,0.4965,0.285348980285,day,7,s
20250620-22-06,2025-06-20,前橋,6,237-27-2457,237,27,2457,BUY,10,0.151889637365,B,False,1-3-7,10.0,0.0,-10.0,12,0.389,0.278149095839,day,7,s
20250620-22-07,2025-06-20,前橋,7,124-24-2457,124,24,2457,BUY,10,0.152190101869,B,False,4-5-1,10.0,0.0,-10.0,16,0.403,0.274403401315,day,7,s
20250620-22-09,2025-06-20,前橋,9,124-14-1345,124,14,1345,BUY,10,0.149814145091,B,False,4-2-1,10.0,0.0,-10.0,19,0.4095,0.302759607496,day,7,s
20250620-81-07,2025-06-20,小倉,7,345-35-1345,345,35,1345,BUY,8,0.139443004302,B,True,4-5-3,8.0,22.4,14.4,9,0.528,0.306862131991,day,7,s
20250620-81-10,2025-06-20,小倉,10,137-17-1257,137,17,1257,BUY,10,0.150137086192,B,False,1-7-3,10.0,0.0,-10.0,13,0.257,0.321961310994,day,7,s
20250621-22-12,2025-06-21,前橋,12,127-17-1457,127,17,1457,BUY,10,0.142219958759,B,False,3-4-1,10.0,0.0,-10.0,14,0.396,0.34583571895,day,7,s
20250621-35-10,2025-06-21,平塚,10,137-17-1357,137,17,1357,BUY,8,0.159185319506,B,False,7-3-5,8.0,0.0,-8.0,10,0.3003,0.262590773136,day,7,s
20250622-35-09,2025-06-22,平塚,9,257-27-2357,257,27,2357,BUY,8,0.145645339988,B,True,2-7-5,8.0,13.9,5.9,13,0.4375,0.2569246548,day,7,s
20250624-46-07,2025-06-24,富山,7,157-15-1245,157,15,1245,BUY,10,0.138899285221,B,False,1-4-3,10.0,0.0,-10.0,8,0.479,0.258066173045,day,7,s
20250624-74-07,2025-06-24,高知,7,234-24-2345,234,24,2345,BUY,8,0.164304644659,B,True,4-2-5,8.0,4.9,-3.1,12,0.4913,0.259002200377,day,6,s
20250625-46-06,2025-06-25,富山,6,126-16-1256,126,16,1256,BUY,8,0.175047536147,B,True,1-6-5,8.0,22.6,14.6,12,0.559,0.285667271432,day,6,s
20250625-87-11,2025-06-25,熊本,11,145-14-1234,145,14,1234,BUY,10,0.14496409599,B,True,4-1-2,10.0,3.4,-6.6,11,0.3387,0.312929052667,day,7,s
20250626-22-07,2025-06-26,前橋,7,127-27-2347,127,27,2347,BUY,10,0.175268878836,B,False,2-7-5,10.0,0.0,-10.0,13,0.5175,0.316554090184,day,7,s
20250626-22-11,2025-06-26,前橋,11,134-14-1247,134,14,1247,BUY,10,0.156458882724,B,False,1-5-4,10.0,0.0,-10.0,8,0.573,0.363939154851,day,7,s
20250627-61-07,2025-06-27,玉野,7,145-14-1345,145,14,1345,BUY,8,0.140397080394,B,False,1-7-5,8.0,0.0,-8.0,21,0.4007,0.305183526549,day,7,s
20250627-61-10,2025-06-27,玉野,10,257-25-2457,257,25,2457,BUY,8,0.143976162152,B,True,2-5-4,8.0,6.8,-1.2000000000000002,15,0.3802,0.331100496319,day,7,s
20250627-61-11,2025-06-27,玉野,11,145-14-1457,145,14,1457,BUY,8,0.138526590082,B,False,7-1-4,8.0,0.0,-8.0,17,0.2483,0.285508379488,day,7,s
20250628-22-05,2025-06-28,前橋,5,134-13-1235,134,13,1235,BUY,10,0.170143849468,B,True,3-1-5,10.0,2.8,-7.2,13,0.354,0.319093329375,day,6,s
20250628-22-06,2025-06-28,前橋,6,124-14-1457,124,14,1457,BUY,10,0.142973536949,B,False,3-2-1,10.0,0.0,-10.0,20,0.6115,0.346334225913,day,7,s
20250628-61-10,2025-06-28,玉野,10,137-37-2347,137,37,2347,BUY,10,0.139030284579,B,False,3-4-7,10.0,0.0,-10.0,15,0.4357,0.301379450849,day,7,s
20250629-56-07,2025-06-29,岸和田,7,257-57-3457,257,57,3457,BUY,10,0.150809268698,B,False,5-1-7,10.0,0.0,-10.0,11,0.5192,0.274500297797,day,7,s
20250629-56-10,2025-06-29,岸和田,10,125-15-1457,125,15,1457,BUY,10,0.158491412442,B,False,1-5-2,10.0,0.0,-10.0,10,0.3488,0.335634800285,day,7,s
20250629-56-11,2025-06-29,岸和田,11,457-45-2457,457,45,2457,BUY,8,0.150443904541,B,False,4-3-5,8.0,0.0,-8.0,21,0.3838,0.286190209844,day,7,s
20250629-61-05,2025-06-29,玉野,5,123-15-1235,123,15,1235,BUY,10,0.165361387446,B,True,1-5-2,10.0,31.5,21.5,15,0.5713,0.274166498675,day,6,s
20250629-61-12,2025-06-29,玉野,12,123-13-1357,123,13,1357,BUY,10,0.174595135459,B,False,1-5-7,10.0,0.0,-10.0,15,0.521,0.293476381201,day,7,s
20250630-56-06,2025-06-30,岸和田,6,134-13-1356,134,13,1356,BUY,10,0.192478078587,A,False,3-5-6,10.0,0.0,-10.0,17,0.4895,0.333583604106,day,6,s
20250701-56-05,2025-07-01,岸和田,5,345-35-1235,345,35,1235,BUY,10,0.196564546916,A,True,5-3-1,10.0,11.2,1.1999999999999993,20,0.5713,0.306247998771,day,6,s
20250701-56-07,2025-07-01,岸和田,7,145-15-1257,145,15,1257,BUY,10,0.153865271181,B,True,5-1-7,10.0,4.4,-5.6,9,0.5817,0.284403754745,day,7,s
20250711-85-06,2025-07-11,佐世保,6,123-23-1234,123,23,1234,BUY,8,0.215771632541,A,False,2-4-3,8.0,0.0,-8.0,9,0.4983,0.277381805009,day,5,s
20250717-12-10,2025-07-17,青森,10,267-27-2457,267,27,2457,BUY,10,0.159959387563,B,False,6-7-3,10.0,0.0,-10.0,20,0.2255,0.269640868988,day,7,s
20250718-12-10,2025-07-18,青森,10,135-13-1345,135,13,1345,BUY,8,0.151459234947,B,False,3-1-2,8.0,0.0,-8.0,13,0.3488,0.322464142797,day,7,s
20250719-12-08,2025-07-19,青森,8,234-34-3457,234,34,3457,BUY,10,0.142157774998,B,False,3-4-2,10.0,0.0,-10.0,20,0.2705,0.276879800928,day,7,s
20250722-45-11,2025-07-22,豊橋,11,134-14-1245,134,14,1245,BUY,10,0.149748483281,B,False,1-4-7,10.0,0.0,-10.0,19,0.3798,0.338754021492,day,7,s
20250728-46-06,2025-07-28,富山,6,245-24-1246,245,24,1246,BUY,10,0.179475216547,B,False,2-4-5,10.0,0.0,-10.0,9,0.5192,0.285252268785,day,6,s
20250729-86-08,2025-07-29,別府,8,125-25-2345,125,25,2345,BUY,10,0.231476925328,A,True,2-5-4,10.0,3.0,-7.0,13,0.5485,0.263582401551,day,5,s
20250729-86-09,2025-07-29,別府,9,234-34-2345,234,34,2345,BUY,8,0.18885784294,A,False,3-2-4,8.0,0.0,-8.0,18,0.4515,0.270216268525,day,5,s
20250730-73-10,2025-07-30,小松島,10,135-15-1257,135,15,1257,BUY,10,0.143470881799,B,False,7-3-1,10.0,0.0,-10.0,8,0.4012,0.295173828535,day,7,s
20250730-86-06,2025-07-30,別府,6,135-35-2345,135,35,2345,BUY,10,0.231971809532,A,False,5-1-3,10.0,0.0,-10.0,20,0.455,0.257643630318,day,5,s
20250801-83-09,2025-08-01,久留米,9,247-24-1234,247,24,1234,BUY,10,0.164088127076,B,True,7-4-1,10.0,121.0,111.0,8,0.49,0.266746686804,day,7,s
20250803-83-06,2025-08-03,久留米,6,245-25-1235,245,25,1235,BUY,10,0.149722692988,B,False,5-3-2,10.0,0.0,-10.0,9,0.5397,0.277724119079,day,6,s
20250804-26-11,2025-08-04,西武園,11,137-17-1457,137,17,1457,BUY,10,0.147978062271,B,False,1-5-7,10.0,0.0,-10.0,19,0.3247,0.344261683135,day,7,s
20250806-48-07,2025-08-06,四日市,7,125-25-2357,125,25,2357,BUY,10,0.144721462876,B,False,7-1-4,10.0,0.0,-10.0,9,0.4462,0.263888149474,day,7,s
20250807-51-06,2025-08-07,福井,6,234-34-3456,234,34,3456,BUY,10,0.155520554334,B,True,4-3-6,10.0,6.1,-3.9,9,0.4113,0.273557259268,day,6,s
20250808-73-08,2025-08-08,小松島,8,145-15-1245,145,15,1245,BUY,8,0.140916702736,B,False,1-4-7,8.0,0.0,-8.0,15,0.399,0.318505090706,day,7,s
20250812-22-08,2025-08-12,前橋,8,124-34-1234,124,34,1234,BUY,10,0.149069835314,B,True,2-4-1,10.0,9.2,-0.8000000000000007,12,0.4323,0.32603233123,day,7,s
20250812-46-10,2025-08-12,富山,10,135-35-3457,135,35,3457,BUY,10,0.149087883829,B,False,3-5-1,10.0,0.0,-10.0,12,0.3055,0.32362607021,day,7,s
20250814-22-05,2025-08-14,前橋,5,237-27-1247,237,27,1247,BUY,10,0.142638372331,B,False,7-4-3,10.0,0.0,-10.0,15,0.5,0.258769561708,day,7,s
20250815-56-10,2025-08-15,岸和田,10,235-25-1257,235,25,1257,BUY,10,0.170177926985,B,False,5-3-1,10.0,0.0,-10.0,13,0.389,0.352429163963,day,7,s
20250816-25-06,2025-08-16,大宮,6,135-13-1235,135,13,1235,BUY,8,0.237878596882,A,True,5-3-2,8.0,44.8,36.8,12,0.3925,0.29982163138,day,5,s
20250820-23-09,2025-08-20,取手,9,257-27-1237,257,27,1237,BUY,10,0.139587920295,B,True,5-2-3,10.0,201.0,191.0,15,0.316,0.295729039633,day,7,s
20250820-23-11,2025-08-20,取手,11,137-17-1457,137,17,1457,BUY,10,0.154685747475,B,True,7-1-4,10.0,7.9,-2.1,14,0.3907,0.343374725519,day,7,s
20250820-61-09,2025-08-20,玉野,9,124-24-2457,124,24,2457,BUY,10,0.153541110047,B,False,4-1-7,10.0,0.0,-10.0,10,0.5298,0.274201263694,day,7,s
20250821-81-11,2025-08-21,小倉,11,125-12-1257,125,12,1257,BUY,8,0.148884456924,B,False,5-1-4,8.0,0.0,-8.0,13,0.3213,0.286658670916,day,7,s
20250823-53-06,2025-08-23,奈良,6,125-25-1256,125,25,1256,BUY,8,0.149309828907,B,False,1-2-3,8.0,0.0,-8.0,13,0.4427,0.307485656253,day,6,s
20250824-74-06,2025-08-24,高知,6,123-23-1235,123,23,1235,BUY,8,0.184498076369,A,False,3-4-5,8.0,0.0,-8.0,13,0.441,0.266981269862,day,6,s
20250825-24-09,2025-08-25,宇都宮,9,357-37-1347,357,37,1347,BUY,10,0.160640606126,B,True,7-3-1,10.0,2.3,-7.7,15,0.5368,0.302038391602,day,7,s
20250825-74-05,2025-08-25,高知,5,135-13-1345,135,13,1345,BUY,8,0.212752957554,A,True,5-1-4,8.0,131.4,123.4,12,0.514,0.277348067316,day,5,s
20250828-34-09,2025-08-28,川崎,9,135-13-1345,135,13,1345,BUY,8,0.146864623841,B,True,5-3-4,8.0,5.5,-2.5,12,0.4602,0.284280789123,day,7,s
20250830-43-11,2025-08-30,岐阜,11,345-35-1357,345,35,1357,BUY,10,0.168903316744,B,False,3-7-1,10.0,0.0,-10.0,16,0.3458,0.308973868772,day,7,s
20250901-84-11,2025-09-01,武雄,11,157-17-1257,157,17,1257,BUY,8,0.142703090023,B,False,1-5-2,8.0,0.0,-8.0,8,0.295,0.308472272776,day,7,s
20250902-84-06,2025-09-02,武雄,6,345-45-2345,345,45,2345,BUY,8,0.149202298709,B,True,5-4-3,8.0,35.9,27.9,8,0.4878,0.268685632515,day,6,s
20250903-21-10,2025-09-03,弥彦,10,257-57-1457,257,57,1457,BUY,10,0.181991904656,A,False,7-5-2,10.0,0.0,-10.0,16,0.368,0.301739821343,day,7,s
20250903-21-11,2025-09-03,弥彦,11,124-24-2457,124,24,2457,BUY,10,0.174213743142,B,False,4-2-3,10.0,0.0,-10.0,12,0.4445,0.335235563371,day,7,s
20250903-34-10,2025-09-03,川崎,10,457-45-2345,457,45,2345,BUY,10,0.144185924792,B,False,5-4-1,10.0,0.0,-10.0,16,0.5262,0.294916391539,day,7,s
20250904-21-07,2025-09-04,弥彦,7,235-23-2345,235,23,2345,BUY,8,0.194646768908,A,True,5-2-4,8.0,4.2,-3.8,12,0.5123,0.293916555893,day,6,s
20250904-34-10,2025-09-04,川崎,10,124-14-1247,124,14,1247,BUY,8,0.150392801702,B,False,1-2-4,8.0,0.0,-8.0,15,0.3715,0.298145208503,day,7,s
20250905-21-06,2025-09-05,弥彦,6,145-45-1245,145,45,1245,BUY,8,0.179810323565,B,False,5-1-3,8.0,0.0,-8.0,8,0.3768,0.272169737269,day,6,s
20250905-34-07,2025-09-05,川崎,7,147-47-2347,147,47,2347,BUY,10,0.14597650745,B,False,7-4-1,10.0,0.0,-10.0,16,0.3907,0.303553501124,day,7,s
20250906-81-06,2025-09-06,小倉,6,247-24-1234,247,24,1234,BUY,10,0.161756636701,B,False,4-3-1,10.0,0.0,-10.0,12,0.417,0.275259944465,day,7,s
20250906-81-08,2025-09-06,小倉,8,135-15-1357,135,15,1357,BUY,8,0.146736467005,B,False,5-3-1,8.0,0.0,-8.0,17,0.3453,0.287550818704,day,7,s
20250906-81-11,2025-09-06,小倉,11,125-25-2345,125,25,2345,BUY,10,0.175327776542,B,True,2-5-4,10.0,16.3,6.300000000000001,8,0.3177,0.316899336759,day,7,s
20250908-81-06,2025-09-08,小倉,6,147-47-2347,147,47,2347,BUY,10,0.144838721008,B,False,4-7-1,10.0,0.0,-10.0,12,0.455,0.262523536043,day,7,s
20250909-35-06,2025-09-09,平塚,6,234-34-3457,234,34,3457,BUY,10,0.148243880594,B,True,2-4-5,10.0,56.2,46.2,10,0.5595,0.312586457965,day,7,s
20250910-27-08,2025-09-10,京王閣,8,145-25-1245,145,25,1245,BUY,10,0.138898891858,B,True,1-2-4,10.0,90.5,80.5,10,0.3645,0.305211667116,day,7,s
20250910-27-09,2025-09-10,京王閣,9,125-25-2357,125,25,2357,BUY,10,0.168373740219,B,False,2-5-4,10.0,0.0,-10.0,14,0.3768,0.341782950123,day,7,s
20250910-47-03,2025-09-10,松阪,3,123-12-1245,123,12,1245,BUY,10,0.163831059177,B,False,2-3-5,10.0,0.0,-10.0,15,0.4615,0.306688000483,day,7,s
20250911-27-06,2025-09-11,京王閣,6,123-23-2345,123,23,2345,BUY,10,0.163812036646,B,False,4-7-3,10.0,0.0,-10.0,9,0.6162,0.344343942064,day,7,s
20250912-85-11,2025-09-12,佐世保,11,137-37-2347,137,37,2347,BUY,10,0.152813544698,B,False,3-1-7,10.0,0.0,-10.0,17,0.3838,0.297509784748,day,7,s
20250913-42-06,2025-09-13,名古屋,6,145-14-1234,145,14,1234,BUY,10,0.157226890014,B,False,4-2-1,10.0,0.0,-10.0,15,0.3593,0.361953625521,day,7,s
20250913-42-11,2025-09-13,名古屋,11,137-37-1347,137,37,1347,BUY,8,0.150602369103,B,False,6-1-3,8.0,0.0,-8.0,15,0.4795,0.35623392591,day,7,s
20250914-42-08,2025-09-14,名古屋,8,125-12-1245,125,12,1245,BUY,8,0.154481212922,B,False,1-4-7,8.0,0.0,-8.0,15,0.6185,0.291799287303,day,7,s
20250915-34-11,2025-09-15,川崎,11,135-15-1245,135,15,1245,BUY,10,0.140932813007,B,True,1-5-2,10.0,6.2,-3.8,10,0.3195,0.294979031163,day,7,s
20250915-34-12,2025-09-15,川崎,12,135-35-2357,135,35,2357,BUY,10,0.138481026185,B,True,5-3-7,10.0,15.6,5.6,8,0.3925,0.29359450515,day,7,s
20250915-42-05,2025-09-15,名古屋,5,123-23-1236,123,23,1236,BUY,8,0.162803563508,B,True,2-3-6,8.0,11.2,3.1999999999999997,8,0.6022,0.319516555962,day,6,s
20250916-28-09,2025-09-16,立川,9,134-14-1457,134,14,1457,BUY,10,0.138335225279,B,False,4-3-1,10.0,0.0,-10.0,19,0.4235,0.260002942211,day,7,s
20250916-28-10,2025-09-16,立川,10,135-15-1457,135,15,1457,BUY,10,0.144188963071,B,True,5-1-7,10.0,38.0,28.0,15,0.316,0.285244535063,day,7,s
20250917-61-10,2025-09-17,玉野,10,257-27-2347,257,27,2347,BUY,10,0.153494777327,B,False,7-4-2,10.0,0.0,-10.0,19,0.5088,0.308856432008,day,7,s
20250920-46-06,2025-09-20,富山,6,145-14-1457,145,14,1457,BUY,8,0.141401289336,B,True,4-1-7,8.0,7.6,-0.4000000000000003,18,0.559,0.257378445163,day,7,s
20250920-46-08,2025-09-20,富山,8,124-24-2347,124,24,2347,BUY,10,0.14677765471,B,False,4-1-3,10.0,0.0,-10.0,17,0.4305,0.309939993261,day,7,s
20250920-46-09,2025-09-20,富山,9,237-37-1357,237,37,1357,BUY,10,0.174050870131,B,True,7-3-5,10.0,2.7,-7.3,10,0.507,0.261986451006,day,7,s
20250920-46-11,2025-09-20,富山,11,257-27-1237,257,27,1237,BUY,10,0.157353111182,B,False,7-2-5,10.0,0.0,-10.0,21,0.601,0.298381886308,day,7,s
20250923-85-05,2025-09-23,佐世保,5,234-34-3457,234,34,3457,BUY,10,0.149804559968,B,False,4-2-7,10.0,0.0,-10.0,15,0.2863,0.297657555673,day,7,s
20250924-28-08,2025-09-24,立川,8,147-47-3457,147,47,3457,BUY,10,0.143697254988,B,False,4-1-3,10.0,0.0,-10.0,13,0.4445,0.293912476071,day,7,s
20250925-81-12,2025-09-25,小倉,12,124-14-1234,124,14,1234,BUY,8,0.138088084881,B,False,1-4-5,8.0,0.0,-8.0,14,0.5105,0.310580295156,day,7,s
20250927-53-01,2025-09-27,奈良,1,125-15-1245,125,15,1245,BUY,8,0.250784238807,A,False,1-3-2,8.0,0.0,-8.0,14,0.4253,0.29271457109,day,5,s
20250927-53-03,2025-09-27,奈良,3,256-56-3456,256,56,3456,BUY,10,0.173422513806,B,True,2-5-4,10.0,57.5,47.5,16,0.4878,0.337809622849,day,6,s
20250928-47-10,2025-09-28,松阪,10,125-15-1457,125,15,1457,BUY,10,0.150765639133,B,True,5-1-4,10.0,10.2,0.1999999999999993,19,0.4012,0.298135996081,day,7,s
20250928-53-01,2025-09-28,奈良,1,124-12-1245,124,12,1245,BUY,8,0.214626267367,A,False,1-3-4,8.0,0.0,-8.0,9,0.5175,0.299361847831,day,5,s
20250928-53-02,2025-09-28,奈良,2,235-25-1235,235,25,1235,BUY,8,0.244837456786,A,False,2-3-4,8.0,0.0,-8.0,16,0.4882,0.313961587925,day,5,s
20250928-87-08,2025-09-28,熊本,8,145-45-1457,145,45,1457,BUY,8,0.142343768527,B,False,1-3-4,8.0,0.0,-8.0,9,0.3453,0.251367591844,day,7,s
20250929-11-09,2025-09-29,函館,9,357-57-1457,357,57,1457,BUY,10,0.167485458515,B,False,3-6-4,10.0,0.0,-10.0,13,0.4462,0.283076820865,day,7,s
20250929-25-09,2025-09-29,大宮,9,347-34-3457,347,34,3457,BUY,8,0.139913521359,B,True,4-3-5,8.0,11.8,3.8000000000000007,17,0.4637,0.319227581494,day,7,s
20250929-87-06,2025-09-29,熊本,6,245-24-1234,245,24,1234,BUY,10,0.172778109867,B,False,2-4-6,10.0,0.0,-10.0,9,0.5503,0.283597203506,day,6,s
20250929-87-11,2025-09-29,熊本,11,124-24-2457,124,24,2457,BUY,10,0.139873438098,B,False,7-1-2,10.0,0.0,-10.0,15,0.3435,0.338755109987,day,7,s
20251002-84-11,2025-10-02,武雄,11,125-15-1457,125,15,1457,BUY,10,0.140784167199,B,True,1-5-4,10.0,6.2,-3.8,8,0.5,0.265402495603,day,7,s
20251003-84-10,2025-10-03,武雄,10,345-45-2457,345,45,2457,BUY,10,0.138935111422,B,False,3-1-6,10.0,0.0,-10.0,12,0.2658,0.262300205987,day,7,s
20251005-27-01,2025-10-05,京王閣,1,245-24-1234,245,24,1234,BUY,10,0.141062167908,B,False,2-5-1,10.0,0.0,-10.0,13,0.5315,0.267704037545,day,7,s
20251005-34-05,2025-10-05,川崎,5,245-24-1245,245,24,1245,BUY,8,0.179850334549,B,False,2-4-6,8.0,0.0,-8.0,9,0.566,0.314452523252,day,6,s
20251005-34-07,2025-10-05,川崎,7,237-27-2457,237,27,2457,BUY,10,0.140397541124,B,False,6-1-3,10.0,0.0,-10.0,9,0.33,0.305005083844,day,7,s
20251006-85-08,2025-10-06,佐世保,8,125-25-2457,125,25,2457,BUY,10,0.140195459472,B,False,5-2-1,10.0,0.0,-10.0,13,0.476,0.313234970045,day,7,s
20251007-21-12,2025-10-07,弥彦,12,147-17-1257,147,17,1257,BUY,10,0.148495418332,B,False,7-2-1,10.0,0.0,-10.0,12,0.3107,0.289231603361,day,7,s
20251007-46-11,2025-10-07,富山,11,137-37-2357,137,37,2357,BUY,10,0.155681073241,B,True,1-7-2,10.0,12.2,2.1999999999999997,9,0.33,0.297347903419,day,7,s
20251008-46-07,2025-10-08,富山,7,134-13-1356,134,13,1356,BUY,10,0.186328058257,A,True,1-3-5,10.0,10.6,0.5999999999999996,13,0.5887,0.258998177808,day,6,s
20251009-12-06,2025-10-09,青森,6,137-37-3457,137,37,3457,BUY,10,0.159322386685,B,False,4-2-7,10.0,0.0,-10.0,15,0.497,0.2951138276,day,7,s
20251009-46-06,2025-10-09,富山,6,125-15-1456,125,15,1456,BUY,10,0.175442725822,B,True,2-5-4,10.0,5.6,-4.4,8,0.5,0.326763959839,day,6,s
20251010-25-11,2025-10-10,大宮,11,124-14-1457,124,14,1457,BUY,10,0.172004117799,B,True,2-1-5,10.0,642.3,632.3,19,0.3785,0.274411901864,day,7,s
20251014-24-06,2025-10-14,宇都宮,6,347-34-1345,347,34,1345,BUY,10,0.165402021686,B,False,3-7-4,10.0,0.0,-10.0,15,0.382,0.319488311081,day,7,s
20251014-24-10,2025-10-14,宇都宮,10,345-35-2357,345,35,2357,BUY,10,0.175102205159,B,True,4-3-5,10.0,22.6,12.6,15,0.4148,0.375968011751,day,7,s
20251015-24-06,2025-10-15,宇都宮,6,124-12-1235,124,12,1235,BUY,10,0.261729249726,A,False,5-3-1,10.0,0.0,-10.0,9,0.4755,0.322503200746,day,5,s
20251015-81-10,2025-10-15,小倉,10,124-12-1257,124,12,1257,BUY,10,0.138338699108,B,True,4-1-7,10.0,165.5,155.5,9,0.5075,0.259030574393,day,7,s
20251016-24-06,2025-10-16,宇都宮,6,235-25-1245,235,25,1245,BUY,10,0.144687786212,B,False,2-6-4,10.0,0.0,-10.0,8,0.646,0.255883843575,day,6,s
20251017-45-12,2025-10-17,豊橋,12,159-19-1379,159,19,1379,BUY,10,0.139567587359,B,False,9-1-6,10.0,0.0,-10.0,13,0.323,0.391058215544,day,9,s
20251020-21-11,2025-10-20,弥彦,11,147-17-1247,147,17,1247,BUY,8,0.153801222397,B,False,1-7-5,8.0,0.0,-8.0,15,0.4773,0.375078772704,day,7,s
20251022-73-07,2025-10-22,小松島,7,235-27-2357,235,27,2357,BUY,10,0.161585739986,B,False,5-2-4,10.0,0.0,-10.0,18,0.4948,0.294300509283,day,7,s
20251025-56-06,2025-10-25,岸和田,6,245-25-2357,245,25,2357,BUY,10,0.143401618492,B,True,4-5-2,10.0,51.0,41.0,10,0.5415,0.281956267356,day,7,s
20251026-56-05,2025-10-26,岸和田,5,125-25-2357,125,25,2357,BUY,10,0.140835586338,B,False,5-1-7,10.0,0.0,-10.0,13,0.5192,0.301209481474,day,7,s
20251026-61-08,2025-10-26,玉野,8,357-57-1257,357,57,1257,BUY,10,0.185168099122,A,False,5-1-2,10.0,0.0,-10.0,13,0.4113,0.271247745644,day,7,s
20251026-61-10,2025-10-26,玉野,10,123-12-1237,123,12,1237,BUY,8,0.146634708114,B,False,1-7-3,8.0,0.0,-8.0,10,0.3645,0.307990427017,day,7,s
20251027-12-10,2025-10-27,青森,10,137-37-1347,137,37,1347,BUY,8,0.158001236681,B,True,3-7-1,8.0,7.7,-0.2999999999999998,12,0.4532,0.343124965428,day,7,s
20251027-61-07,2025-10-27,玉野,7,345-35-2345,345,35,2345,BUY,8,0.145273567296,B,False,1-3-2,8.0,0.0,-8.0,18,0.5368,0.269226655071,day,7,s
20251028-12-12,2025-10-28,青森,12,135-15-1345,135,15,1345,BUY,8,0.14681613293,B,True,3-1-4,8.0,191.1,183.1,17,0.5368,0.330549210504,day,7,s
20251028-45-08,2025-10-28,豊橋,8,135-13-1347,135,13,1347,BUY,10,0.170332031451,B,False,2-5-1,10.0,0.0,-10.0,18,0.3698,0.269673093647,day,7,s
20251028-61-08,2025-10-28,玉野,8,127-12-1245,127,12,1245,BUY,10,0.155303811019,B,True,2-1-5,10.0,16.1,6.100000000000001,9,0.375,0.324615210131,day,7,s
20251028-61-09,2025-10-28,玉野,9,125-25-2357,125,25,2357,BUY,10,0.145822719188,B,False,2-5-6,10.0,0.0,-10.0,10,0.3645,0.327453387248,day,7,s
20251029-45-07,2025-10-29,豊橋,7,134-15-1345,134,15,1345,BUY,10,0.169847591864,B,False,4-2-7,10.0,0.0,-10.0,13,0.4323,0.286784213542,day,7,s
20251029-45-12,2025-10-29,豊橋,12,245-45-2345,245,45,2345,BUY,8,0.144209338037,B,False,2-5-7,8.0,0.0,-8.0,13,0.3107,0.275243055924,day,7,s
20251029-85-11,2025-10-29,佐世保,11,157-17-1257,157,17,1257,BUY,8,0.168289246832,B,False,5-1-3,8.0,0.0,-8.0,17,0.361,0.342930587221,day,7,s
20251030-74-09,2025-10-30,高知,9,357-37-1237,357,37,1237,BUY,10,0.150752253918,B,True,3-7-1,10.0,24.8,14.8,18,0.3125,0.265841811451,day,7,s
20251030-85-08,2025-10-30,佐世保,8,245-25-2345,245,25,2345,BUY,8,0.154728239958,B,False,3-4-1,8.0,0.0,-8.0,16,0.4948,0.251114731063,day,6,s
20251030-85-09,2025-10-30,佐世保,9,124-12-1234,124,12,1234,BUY,8,0.158594229209,B,False,2-3-5,8.0,0.0,-8.0,11,0.4708,0.273461586223,day,6,s
20251031-85-06,2025-10-31,佐世保,6,145-15-1345,145,15,1345,BUY,8,0.170404327793,B,False,4-6-2,8.0,0.0,-8.0,11,0.4637,0.332844166594,day,6,s
20251101-35-11,2025-11-01,平塚,11,145-45-1345,145,45,1345,BUY,8,0.152249841858,B,False,1-5-2,8.0,0.0,-8.0,11,0.3628,0.306833000875,day,7,s
20251102-35-09,2025-11-02,平塚,9,135-15-1245,135,15,1245,BUY,10,0.154583997521,B,False,5-2-3,10.0,0.0,-10.0,14,0.4427,0.307718478014,day,7,s
20251103-35-05,2025-11-03,平塚,5,345-35-1356,345,35,1356,BUY,10,0.183535179089,A,False,5-3-2,10.0,0.0,-10.0,11,0.5298,0.308421906342,day,6,s
20251106-53-10,2025-11-06,奈良,10,157-17-1237,157,17,1237,BUY,10,0.155080158829,B,False,3-5-1,10.0,0.0,-10.0,17,0.4567,0.334801400424,day,7,s
20251107-36-03,2025-11-07,小田原,3,357-37-3457,357,37,3457,BUY,8,0.140014043435,B,False,3-7-6,8.0,0.0,-8.0,16,0.4567,0.300953003498,day,8,s
20251107-53-07,2025-11-07,奈良,7,146-16-1346,146,16,1346,BUY,8,0.191933499856,A,False,6-1-2,8.0,0.0,-8.0,12,0.4065,0.334601004612,day,6,s
20251108-36-01,2025-11-08,小田原,1,124-24-1245,124,24,1245,BUY,8,0.163514453937,B,False,4-3-6,8.0,0.0,-8.0,14,0.5625,0.26829758376,day,6,s
20251108-46-09,2025-11-08,富山,9,147-47-1457,147,47,1457,BUY,8,0.142125022391,B,False,4-1-7,8.0,0.0,-8.0,13,0.3435,0.277283849334,day,7,s
20251109-36-02,2025-11-09,小田原,2,245-24-1234,245,24,1234,BUY,10,0.181298134022,A,False,2-6-4,10.0,0.0,-10.0,14,0.5923,0.312905813706,day,6,s
20251111-56-06,2025-11-11,岸和田,6,135-15-1256,135,15,1256,BUY,10,0.191794248209,A,False,5-3-1,10.0,0.0,-10.0,16,0.6653,0.270265905156,day,6,s
20251112-73-11,2025-11-12,小松島,11,137-17-1247,137,17,1247,BUY,10,0.170335133649,B,False,1-4-6,10.0,0.0,-10.0,21,0.3628,0.276737389938,day,7,s
20251113-84-05,2025-11-13,武雄,5,134-34-2345,134,34,2345,BUY,10,0.158759882775,B,False,2-4-6,10.0,0.0,-10.0,11,0.4843,0.32188277699,day,6,s
20251116-42-09,2025-11-16,名古屋,9,127-17-1257,127,17,1257,BUY,8,0.155200515014,B,True,1-7-2,8.0,10.2,2.1999999999999997,13,0.3177,0.319028425612,day,7,s
20251127-56-10,2025-11-27,岸和田,10,134-34-3457,134,34,3457,BUY,10,0.15174893137,B,True,3-4-5,10.0,10.4,0.4000000000000003,17,0.601,0.291099397738,day,7,s
20251128-56-12,2025-11-28,岸和田,12,134-14-1347,134,14,1347,BUY,8,0.138130788753,B,False,4-1-6,8.0,0.0,-8.0,17,0.4965,0.281917568396,day,7,s
20251129-27-11,2025-11-29,京王閣,11,145-14-1234,145,14,1234,BUY,10,0.16086656171,B,True,4-1-3,10.0,7.1,-2.9000000000000004,17,0.5438,0.320460842397,day,7,s
20251129-37-08,2025-11-29,伊東,8,145-45-2345,145,45,2345,BUY,10,0.190542385704,A,False,5-4-1,10.0,0.0,-10.0,16,0.2518,0.300152438581,day,6,s
20251130-37-09,2025-11-30,伊東,9,127-17-1357,127,17,1357,BUY,10,0.139487017314,B,False,2-5-7,10.0,0.0,-10.0,11,0.4602,0.278476236421,day,7,s
20251202-31-11,2025-12-02,松戸,11,157-57-3457,157,57,3457,BUY,10,0.149719978685,B,False,5-7-6,10.0,0.0,-10.0,13,0.3663,0.33111517207,day,7,s
20251202-42-10,2025-12-02,名古屋,10,245-24-1247,245,24,1247,BUY,10,0.155020325287,B,False,4-2-3,10.0,0.0,-10.0,12,0.4615,0.32402806058,day,7,s
20251204-23-07,2025-12-04,取手,7,137-17-1247,137,17,1247,BUY,10,0.147923541739,B,False,1-4-5,10.0,0.0,-10.0,8,0.375,0.269700214869,day,7,s
20251205-23-08,2025-12-05,取手,8,123-23-2357,123,23,2357,BUY,10,0.153975792065,B,False,3-7-1,10.0,0.0,-10.0,16,0.4118,0.270635730977,day,7,s
20251207-47-06,2025-12-07,松阪,6,245-25-1256,245,25,1256,BUY,10,0.195037864575,A,False,3-4-1,10.0,0.0,-10.0,11,0.4895,0.286090814097,day,6,s
20251207-62-08,2025-12-07,広島,8,125-15-1257,125,15,1257,BUY,8,0.152340213191,B,True,2-5-7,8.0,55.4,47.4,11,0.316,0.312722104614,day,7,s
20251207-62-09,2025-12-07,広島,9,145-12-1245,145,12,1245,BUY,10,0.164385051773,B,True,5-2-4,10.0,83.9,73.9,14,0.3628,0.267267056925,day,7,s
20251208-22-09,2025-12-08,前橋,9,245-24-2347,245,24,2347,BUY,10,0.147247306242,B,False,2-5-3,10.0,0.0,-10.0,12,0.33,0.271357851133,day,7,s
20251209-62-07,2025-12-09,広島,7,135-13-1347,135,13,1347,BUY,10,0.159660478225,B,False,7-3-2,10.0,0.0,-10.0,9,0.5175,0.315124743033,day,7,s
20251210-84-08,2025-12-10,武雄,8,127-12-1245,127,12,1245,BUY,10,0.14131684718,B,False,5-2-1,10.0,0.0,-10.0,8,0.4895,0.307119186438,day,7,s
20251213-53-05,2025-12-13,奈良,5,256-56-1356,256,56,1356,BUY,10,0.163666217575,B,False,5-2-3,10.0,0.0,-10.0,15,0.5035,0.267189396314,day,6,s
20251214-48-07,2025-12-14,四日市,7,145-45-3457,145,45,3457,BUY,10,0.169227279225,B,False,4-1-3,10.0,0.0,-10.0,10,0.4637,0.277337329641,day,7,s
20251215-63-10,2025-12-15,防府,10,145-14-1247,145,14,1247,BUY,10,0.161085563245,B,True,4-1-7,10.0,4.8,-5.2,17,0.4685,0.283217288446,day,7,s
20251216-86-07,2025-12-16,別府,7,457-47-1347,457,47,1347,BUY,10,0.142584840669,B,False,7-6-2,10.0,0.0,-10.0,12,0.4532,0.296103443063,day,7,s
20251217-25-08,2025-12-17,大宮,8,124-14-1247,124,14,1247,BUY,8,0.151667827621,B,False,2-1-5,8.0,0.0,-8.0,13,0.5298,0.282187822303,day,7,s
20251217-25-10,2025-12-17,大宮,10,145-15-1357,145,15,1357,BUY,10,0.161657094207,B,False,5-4-1,10.0,0.0,-10.0,10,0.2483,0.264199428573,day,7,s
20251217-86-06,2025-12-17,別府,6,235-23-1234,235,23,1234,BUY,10,0.165044957714,B,True,5-2-4,10.0,39.9,29.9,16,0.5298,0.296099442349,day,6,s
20251218-37-12,2025-12-18,伊東,12,134-14-1457,134,14,1457,BUY,10,0.141566748113,B,False,1-4-3,10.0,0.0,-10.0,10,0.2985,0.269869309392,day,7,s
20251219-25-07,2025-12-19,大宮,7,125-15-1256,125,15,1256,BUY,8,0.148355207207,B,False,4-5-6,8.0,0.0,-8.0,13,0.5275,0.373064370936,day,6,s
20251219-37-06,2025-12-19,伊東,6,235-25-1245,235,25,1245,BUY,10,0.149143110249,B,True,2-5-1,10.0,35.2,25.200000000000003,17,0.514,0.300007872261,day,6,s
20251219-37-10,2025-12-19,伊東,10,145-45-1245,145,45,1245,BUY,8,0.138096198664,B,False,1-6-5,8.0,0.0,-8.0,15,0.5158,0.375108854185,day,7,s
20251220-38-06,2025-12-20,静岡,6,125-25-1235,125,25,1235,BUY,8,0.138875610461,B,False,5-1-4,8.0,0.0,-8.0,8,0.3995,0.272484897438,day,7,s
20251222-38-09,2025-12-22,静岡,9,345-25-2345,345,25,2345,BUY,10,0.141663864182,B,True,4-2-5,10.0,38.0,28.0,10,0.3733,0.275087417205,day,7,s
20251223-48-06,2025-12-23,四日市,6,145-15-1235,145,15,1235,BUY,10,0.23506673951,A,False,3-1-4,10.0,0.0,-10.0,13,0.5695,0.284763335481,day,5,s
20251224-36-09,2025-12-24,小田原,9,157-17-1347,157,17,1347,BUY,10,0.140111524798,B,False,5-3-7,10.0,0.0,-10.0,19,0.5105,0.265870766068,day,7,s
20251224-48-05,2025-12-24,四日市,5,235-25-2345,235,25,2345,BUY,8,0.215320660351,A,False,4-5-1,8.0,0.0,-8.0,14,0.3698,0.277310688642,day,5,s
20251224-48-06,2025-12-24,四日市,6,146-46-2456,146,46,2456,BUY,10,0.182857522003,A,False,4-2-6,10.0,0.0,-10.0,13,0.6355,0.305464500199,day,6,s
20251225-36-07,2025-12-25,小田原,7,157-57-1457,157,57,1457,BUY,8,0.149953371549,B,False,7-1-5,8.0,0.0,-8.0,9,0.3995,0.286746971574,day,7,s
20251225-53-11,2025-12-25,奈良,11,145-15-1235,145,15,1235,BUY,10,0.157184473869,B,True,1-5-2,10.0,7.8,-2.2,16,0.3925,0.360456895332,day,7,s
20251227-63-07,2025-12-27,防府,7,235-25-2357,235,25,2357,BUY,8,0.143507331492,B,False,2-5-4,8.0,0.0,-8.0,17,0.3785,0.298145271642,day,7,s
20251230-81-06,2025-12-30,小倉,6,145-45-2345,145,45,2345,BUY,10,0.161030303828,B,True,1-4-5,10.0,54.4,44.4,9,0.4913,0.270588080727,day,6,s
20251231-81-06,2025-12-31,小倉,6,235-23-2345,235,23,2345,BUY,8,0.196338611963,A,False,2-5-4,8.0,0.0,-8.0,9,0.5923,0.26340249172,day,5,s
20260101-81-05,2026-01-01,小倉,5,123-35-1235,123,35,1235,BUY,10,0.315468384099,S,True,1-3-5,10.0,7.5,-2.5,12,0.535,0.303995121569,day,5,s
20260101-81-06,2026-01-01,小倉,6,235-25-2345,235,25,2345,BUY,8,0.187411708403,A,False,2-3-5,8.0,0.0,-8.0,16,0.5105,0.276242288681,day,5,s
20260102-24-12,2026-01-02,宇都宮,12,125-12-1245,125,12,1245,BUY,8,0.141145571005,B,False,4-2-3,8.0,0.0,-8.0,14,0.3907,0.316107209914,day,7,s
20260106-83-10,2026-01-06,久留米,10,157-17-1347,157,17,1347,BUY,10,0.156433283415,B,False,2-6-5,10.0,0.0,-10.0,9,0.3177,0.284395612571,day,7,s
20260107-83-08,2026-01-07,久留米,8,145-25-1245,145,25,1245,BUY,10,0.152906203078,B,True,5-2-4,10.0,10.9,0.9000000000000004,11,0.5783,0.29413990968,day,6,s
20260108-83-08,2026-01-08,久留米,8,123-23-1237,123,23,1237,BUY,8,0.155085619871,B,False,5-1-2,8.0,0.0,-8.0,11,0.5175,0.300881402935,day,7,s
20260117-44-05,2026-01-17,大垣,5,135-35-3456,135,35,3456,BUY,10,0.160382290708,B,True,5-3-6,10.0,6.4,-3.6,8,0.5298,0.256087748726,day,6,s
20260121-31-06,2026-01-21,松戸,6,357-35-1357,357,35,1357,BUY,8,0.159068327563,B,True,7-3-5,8.0,9.1,1.0999999999999996,19,0.3523,0.334695276402,day,7,s
20260121-31-08,2026-01-21,松戸,8,247-47-1347,247,47,1347,BUY,10,0.158307546678,B,False,7-1-4,10.0,0.0,-10.0,16,0.5298,0.283882588686,day,7,s
20260121-62-10,2026-01-21,広島,10,145-45-1245,145,45,1245,BUY,8,0.150738306016,B,False,5-1-4,8.0,0.0,-8.0,13,0.344,0.28850146219,day,7,s
20260124-48-06,2026-01-24,四日市,6,234-24-1247,234,24,1247,BUY,10,0.17175609225,B,False,3-7-2,10.0,0.0,-10.0,25,0.4655,0.326527946958,day,7,s
20260125-36-11,2026-01-25,小田原,11,157-57-1257,157,57,1257,BUY,8,0.14629848582,B,True,5-7-2,8.0,3.2,-4.8,12,0.3955,0.324012029645,day,7,s
20260127-87-10,2026-01-27,熊本,10,257-25-2345,257,25,2345,BUY,10,0.151082022573,B,False,5-2-6,10.0,0.0,-10.0,15,0.486,0.295520077101,day,7,s
20260128-87-06,2026-01-28,熊本,6,134-13-1234,134,13,1234,BUY,8,0.211004799101,A,True,4-1-3,8.0,4.0,-4.0,15,0.4153,0.275212303974,day,5,s
20260129-87-05,2026-01-29,熊本,5,135-15-1235,135,15,1235,BUY,8,0.227773558847,A,True,5-1-3,8.0,14.9,6.9,10,0.5468,0.303186444685,day,5,s
20260130-86-11,2026-01-30,別府,11,457-47-3457,457,47,3457,BUY,8,0.149268019305,B,False,7-5-4,8.0,0.0,-8.0,11,0.427,0.298715272639,day,7,s
20260131-86-11,2026-01-31,別府,11,245-24-2457,245,24,2457,BUY,8,0.13986805497,B,False,2-5-7,8.0,0.0,-8.0,11,0.2308,0.270476578311,day,7,s
20260203-27-08,2026-02-03,京王閣,8,125-12-1247,125,12,1247,BUY,10,0.141503332017,B,False,2-3-6,10.0,0.0,-10.0,15,0.3785,0.27836488563,day,7,s
20260203-27-09,2026-02-03,京王閣,9,245-24-2347,245,24,2347,BUY,10,0.143532389491,B,False,2-4-6,10.0,0.0,-10.0,8,0.2775,0.279658076334,day,7,s
20260203-55-11,2026-02-03,和歌山,11,127-17-1457,127,17,1457,BUY,10,0.150323798492,B,False,2-4-7,10.0,0.0,-10.0,10,0.4708,0.26001982625,day,7,s
20260204-31-10,2026-02-04,松戸,10,257-25-1235,257,25,1235,BUY,10,0.140111831601,B,True,5-2-3,10.0,4.7,-5.3,8,0.33,0.250599743468,night,7,s
20260205-27-07,2026-02-05,京王閣,7,245-45-2457,245,45,2457,BUY,8,0.161491504116,B,False,4-2-1,8.0,0.0,-8.0,16,0.4515,0.309503464874,day,7,s
20260209-28-09,2026-02-09,立川,9,345-34-2347,345,34,2347,BUY,10,0.139745124927,B,False,2-5-7,10.0,0.0,-10.0,11,0.361,0.266534181074,day,7,s
20260209-35-11,2026-02-09,平塚,11,157-15-1245,157,15,1245,BUY,10,0.150415346147,B,True,5-1-2,10.0,52.1,42.1,11,0.4913,0.260436227525,night,7,s
20260209-81-05,2026-02-09,小倉,5,123-12-1245,123,12,1245,BUY,10,0.146656982966,B,False,1-5-3,10.0,0.0,-10.0,9,0.5018,0.299399241398,night,6,s
20260209-81-12,2026-02-09,小倉,12,247-47-1347,247,47,1347,BUY,10,0.141504201531,B,False,7-1-2,10.0,0.0,-10.0,13,0.2255,0.299421697319,night,7,s
20260211-74-11,2026-02-11,高知,11,145-14-1234,145,14,1234,BUY,10,0.146163471118,B,False,4-1-5,10.0,0.0,-10.0,15,0.229,0.291695657476,day,7,s
20260215-24-12,2026-02-15,宇都宮,12,124-24-2345,124,24,2345,BUY,10,0.139124595178,B,True,1-2-4,10.0,36.8,26.8,11,0.34,0.344839653263,night,7,s
20260215-38-01,2026-02-15,静岡,1,135-13-1235,135,13,1235,BUY,8,0.149952050802,B,False,1-7-5,8.0,0.0,-8.0,9,0.4755,0.297732473545,day,8,s
20260216-43-09,2026-02-16,岐阜,9,125-12-1257,125,12,1257,BUY,8,0.155006540423,B,False,2-7-1,8.0,0.0,-8.0,15,0.3715,0.32234309584,day,7,s
20260216-73-05,2026-02-16,小松島,5,134-34-1345,134,34,1345,BUY,8,0.147672531869,B,False,4-1-3,8.0,0.0,-8.0,9,0.538,0.279817023516,day,6,s
20260217-83-07,2026-02-17,久留米,7,157-25-1257,157,25,1257,BUY,10,0.143053796322,B,False,7-3-1,10.0,0.0,-10.0,20,0.4778,0.290605659093,night,7,s
20260220-37-09,2026-02-20,伊東,9,123-13-1347,123,13,1347,BUY,10,0.172375455667,B,False,1-4-3,10.0,0.0,-10.0,19,0.448,0.277545362348,night,7,s
20260221-37-09,2026-02-21,伊東,9,157-17-1347,157,17,1347,BUY,10,0.169534236208,B,False,3-7-1,10.0,0.0,-10.0,12,0.521,0.293272984217,night,7,s
20260222-37-06,2026-02-22,伊東,6,145-15-1245,145,15,1245,BUY,8,0.151453248367,B,False,1-4-2,8.0,0.0,-8.0,9,0.4948,0.250553707683,night,6,s
20260224-56-10,2026-02-24,岸和田,10,247-24-2345,247,24,2345,BUY,10,0.138271858546,B,True,2-4-3,10.0,7.6,-2.4000000000000004,13,0.5677,0.292486031534,day,7,s
20260225-22-08,2026-02-25,前橋,8,135-35-1357,135,35,1357,BUY,8,0.166441238947,B,True,1-5-7,8.0,2.9,-5.1,17,0.309,0.306819779053,night,7,s
20260225-45-12,2026-02-25,豊橋,12,247-24-2345,247,24,2345,BUY,10,0.139270977791,B,True,2-4-5,10.0,24.1,14.1,17,0.2203,0.302961303596,night,7,s
20260226-36-06,2026-02-26,小田原,6,135-15-1245,135,15,1245,BUY,10,0.163459317409,B,True,5-1-4,10.0,14.7,4.699999999999999,11,0.5105,0.26085291823,day,6,s
20260226-56-08,2026-02-26,岸和田,8,135-35-2357,135,35,2357,BUY,10,0.16142843111,B,False,2-3-6,10.0,0.0,-10.0,15,0.5455,0.276922670628,day,7,s
20260227-36-05,2026-02-27,小田原,5,124-24-2345,124,24,2345,BUY,10,0.164470742124,B,False,5-1-3,10.0,0.0,-10.0,11,0.587,0.267898520378,day,6,s
20260227-36-06,2026-02-27,小田原,6,234-24-1245,234,24,1245,BUY,10,0.145412320839,B,False,4-3-5,10.0,0.0,-10.0,9,0.4253,0.258016501007,day,6,s
20260227-36-07,2026-02-27,小田原,7,134-34-1345,134,34,1345,BUY,8,0.156877104181,B,False,4-2-3,8.0,0.0,-8.0,10,0.4287,0.287266375816,day,6,s
20260227-75-07,2026-02-27,松山,7,345-45-2345,345,45,2345,BUY,8,0.142302805543,B,False,5-3-2,8.0,0.0,-8.0,15,0.4183,0.300146007513,night,7,s
20260301-75-10,2026-03-01,松山,10,124-24-1234,124,24,1234,BUY,8,0.150994442776,B,True,1-2-3,8.0,247.7,239.7,16,0.3663,0.262486571061,night,7,s
20260302-83-11,2026-03-02,久留米,11,135-15-1245,135,15,1245,BUY,10,0.14031178418,B,False,1-6-5,10.0,0.0,-10.0,14,0.441,0.383721024723,night,7,s
20260303-83-12,2026-03-03,久留米,12,127-17-1357,127,17,1357,BUY,10,0.165852522033,B,False,4-5-7,10.0,0.0,-10.0,14,0.3872,0.28733688175,night,7,s
20260305-26-08,2026-03-05,西武園,8,347-47-2457,347,47,2457,BUY,10,0.145907996952,B,True,4-7-2,10.0,6.0,-4.0,8,0.514,0.313162650428,day,7,s
20260307-81-10,2026-03-07,小倉,10,134-14-1345,134,14,1345,BUY,8,0.151376988306,B,False,1-3-6,8.0,0.0,-8.0,11,0.3995,0.282677587858,night,7,s
20260309-13-09,2026-03-09,いわき平,9,234-34-2345,234,34,2345,BUY,8,0.155385375453,B,False,4-7-2,8.0,0.0,-8.0,18,0.4725,0.303377113478,night,7,s
20260309-13-11,2026-03-09,いわき平,11,145-14-1457,145,14,1457,BUY,8,0.161729320725,B,False,1-5-3,8.0,0.0,-8.0,13,0.361,0.28431201425,night,7,s
20260310-73-09,2026-03-10,小松島,9,237-37-3457,237,37,3457,BUY,10,0.16441263845,B,False,2-7-1,10.0,0.0,-10.0,13,0.2968,0.270857253248,day,7,s
20260311-73-08,2026-03-11,小松島,8,345-35-1235,345,35,1235,BUY,10,0.168451120907,B,False,,10.0,0.0,-10.0,19,0.5368,0.322841165533,day,6,s
20260314-43-10,2026-03-14,岐阜,10,157-17-1247,157,17,1247,BUY,10,0.142097933852,B,True,7-1-4,10.0,4.3,-5.7,10,0.5035,0.29051060528,day,7,s
20260316-36-06,2026-03-16,小田原,6,125-12-1234,125,12,1234,BUY,10,0.14189219102,B,False,1-5-2,10.0,0.0,-10.0,14,0.4042,0.294484009504,day,7,s
20260316-61-10,2026-03-16,玉野,10,134-14-1347,134,14,1347,BUY,8,0.153631703152,B,False,1-4-6,8.0,0.0,-8.0,18,0.4183,0.299570673557,night,7,s
20260316-61-11,2026-03-16,玉野,11,125-15-1345,125,15,1345,BUY,10,0.142434447068,B,True,5-1-3,10.0,22.6,12.6,11,0.4808,0.319191871543,night,7,s
20260317-36-06,2026-03-17,小田原,6,127-17-1457,127,17,1457,BUY,10,0.153106188257,B,False,4-5-2,10.0,0.0,-10.0,8,0.4738,0.319466181804,day,7,s
20260317-42-07,2026-03-17,名古屋,7,257-25-1235,257,25,1235,BUY,10,0.150387953604,B,False,1-4-7,10.0,0.0,-10.0,8,0.5368,0.272881869797,night,7,s
20260317-61-09,2026-03-17,玉野,9,127-17-1357,127,17,1357,BUY,10,0.138041971314,B,False,3-7-1,10.0,0.0,-10.0,9,0.4113,0.255090644916,night,7,s
20260320-87-11,2026-03-20,熊本,11,127-17-1247,127,17,1247,BUY,8,0.144389340221,B,False,7-2-1,8.0,0.0,-8.0,15,0.3768,0.326028451625,day,7,s
20260323-62-07,2026-03-23,広島,7,145-15-1257,145,15,1257,BUY,10,0.153879193483,B,False,5-7-4,10.0,0.0,-10.0,9,0.4357,0.261251502355,day,7,s
20260323-62-09,2026-03-23,広島,9,247-27-1237,247,27,1237,BUY,10,0.167512396038,B,False,2-4-5,10.0,0.0,-10.0,13,0.563,0.289115778688,day,7,s
20260324-62-06,2026-03-24,広島,6,235-25-2345,235,25,2345,BUY,8,0.177015470535,B,True,2-5-3,8.0,63.7,55.7,9,0.5298,0.337722733065,day,6,s
20260324-86-06,2026-03-24,別府,6,235-37-2357,235,37,2357,BUY,10,0.139525589266,B,False,7-3-4,10.0,0.0,-10.0,20,0.4808,0.33796393076,night,7,s
20260324-86-07,2026-03-24,別府,7,357-57-1257,357,57,1257,BUY,10,0.170676214507,B,False,5-2-4,10.0,0.0,-10.0,21,0.5333,0.300311753562,night,7,s
20260325-23-08,2026-03-25,取手,8,145-14-1345,145,14,1345,BUY,8,0.148196258152,B,False,2-3-5,8.0,0.0,-8.0,10,0.6653,0.27138300261,day,7,s
20260325-23-10,2026-03-25,取手,10,124-24-2345,124,24,2345,BUY,10,0.139514823638,B,False,4-5-7,10.0,0.0,-10.0,10,0.3785,0.300700144821,day,7,s
20260325-44-11,2026-03-25,大垣,11,137-37-2357,137,37,2357,BUY,10,0.14822514793,B,False,3-7-4,10.0,0.0,-10.0,16,0.507,0.331803647447,day,7,s
20260331-45-01,2026-03-31,豊橋,1,145-35-1345,145,35,1345,BUY,10,0.176718174008,B,True,1-5-3,10.0,71.7,61.7,14,0.5228,0.285997025792,day,6,s
20260331-45-02,2026-03-31,豊橋,2,235-35-1356,235,35,1356,BUY,10,0.163527942189,B,True,5-3-1,10.0,8.8,-1.1999999999999993,18,0.6005,0.311516414201,day,6,s
20260331-45-03,2026-03-31,豊橋,3,125-15-1235,125,15,1235,BUY,8,0.145569258061,B,True,2-5-1,8.0,26.7,18.7,17,0.4965,0.265211287566,day,6,s
20260401-27-10,2026-04-01,京王閣,10,125-12-1237,125,12,1237,BUY,10,0.142444773926,B,False,7-2-5,10.0,0.0,-10.0,12,0.5975,0.252202384993,night,7,s
20260402-61-10,2026-04-02,玉野,10,234-24-1245,234,24,1245,BUY,10,0.138912717942,B,True,2-4-1,10.0,5.1,-4.9,12,0.3143,0.288414580848,night,7,s
20260405-74-06,2026-04-05,高知,6,145-12-1245,145,12,1245,BUY,10,0.147848860771,B,False,1-3-2,10.0,0.0,-10.0,9,0.3177,0.295972378791,day,6,s
20260406-42-08,2026-04-06,名古屋,8,345-37-3457,345,37,3457,BUY,10,0.138408791364,B,False,3-4-1,10.0,0.0,-10.0,18,0.3593,0.272122289271,day,7,s
20260408-44-11,2026-04-08,大垣,11,137-17-1357,137,17,1357,BUY,8,0.154827381429,B,False,7-1-2,8.0,0.0,-8.0,10,0.4685,0.338380017779,day,7,s
20260409-44-07,2026-04-09,大垣,7,157-15-1257,157,15,1257,BUY,8,0.153063551828,B,False,5-3-2,8.0,0.0,-8.0,11,0.3937,0.281103753141,day,7,s
20260409-81-05,2026-04-09,小倉,5,125-25-2345,125,25,2345,BUY,10,0.167117859657,B,False,4-3-1,10.0,0.0,-10.0,9,0.448,0.261348593241,night,6,s
20260410-83-10,2026-04-10,久留米,10,245-25-1235,245,25,1235,BUY,10,0.152910502869,B,True,2-5-3,10.0,11.5,1.5,12,0.4948,0.381333973245,night,7,s
20260410-83-11,2026-04-10,久留米,11,124-14-1457,124,14,1457,BUY,10,0.170222137132,B,False,4-1-6,10.0,0.0,-10.0,14,0.5403,0.282351770378,night,7,s
20260411-83-06,2026-04-11,久留米,6,157-57-1257,157,57,1257,BUY,8,0.144280432031,B,False,5-7-3,8.0,0.0,-8.0,10,0.566,0.33247838522,night,7,s
20260412-12-09,2026-04-12,青森,9,257-57-1357,257,57,1357,BUY,10,0.162667706955,B,True,7-5-1,10.0,2.9,-7.1,20,0.5643,0.269954738449,night,7,s
20260412-26-02,2026-04-12,西武園,2,124-12-1235,124,12,1235,BUY,10,0.19836552387,A,True,2-1-3,10.0,22.9,12.9,11,0.5677,0.335269918589,day,6,s
20260412-26-03,2026-04-12,西武園,3,235-35-2345,235,35,2345,BUY,8,0.141831798363,B,True,2-5-3,8.0,23.2,15.2,9,0.493,0.280446609926,day,6,s
20260413-12-06,2026-04-13,青森,6,145-14-1345,145,14,1345,BUY,8,0.16792453405,B,False,4-3-1,8.0,0.0,-8.0,9,0.5433,0.30550603485,night,6,s
20260413-46-10,2026-04-13,富山,10,157-17-1237,157,17,1237,BUY,10,0.139906196684,B,False,7-4-2,10.0,0.0,-10.0,17,0.2863,0.342495594172,day,7,s
20260414-46-06,2026-04-14,富山,6,236-23-1234,236,23,1234,BUY,10,0.147219434265,B,False,1-2-6,10.0,0.0,-10.0,8,0.4708,0.253664391398,day,6,s
20260414-46-07,2026-04-14,富山,7,156-16-1236,156,16,1236,BUY,10,0.165949919272,B,True,6-1-2,10.0,9.9,-0.0999999999999996,11,0.3942,0.252571951103,day,6,s
20260414-73-08,2026-04-14,小松島,8,124-14-1234,124,14,1234,BUY,8,0.144624256488,B,True,1-4-2,8.0,13.4,5.4,12,0.5052,0.305128811532,midnight,6,s
20260414-73-09,2026-04-14,小松島,9,125-12-1245,125,12,1245,BUY,8,0.141492191251,B,False,1-3-2,8.0,0.0,-8.0,10,0.2308,0.262641699459,midnight,6,s
20260415-11-09,2026-04-15,函館,9,245-45-3457,245,45,3457,BUY,10,0.147725672785,B,True,4-5-7,10.0,24.9,14.9,13,0.5088,0.293915453819,night,7,s
20260415-23-12,2026-04-15,取手,12,134-13-1237,134,13,1237,BUY,10,0.138789737103,B,True,4-3-2,10.0,74.4,64.4,10,0.2863,0.268456900166,day,7,s
20260416-11-10,2026-04-16,函館,10,125-12-1247,125,12,1247,BUY,10,0.146735907307,B,True,5-1-7,10.0,37.3,27.3,16,0.4532,0.270704374494,night,7,s
20260417-11-06,2026-04-17,函館,6,357-57-3457,357,57,3457,BUY,8,0.140848052558,B,False,7-2-4,8.0,0.0,-8.0,12,0.5262,0.347490564413,night,7,s
20260417-45-05,2026-04-17,豊橋,5,125-15-1345,125,15,1345,BUY,10,0.158708043943,B,False,1-5-2,10.0,0.0,-10.0,13,0.2343,0.284488480439,day,6,s
20260418-27-06,2026-04-18,京王閣,6,125-15-1345,125,15,1345,BUY,10,0.255244327384,A,True,1-5-3,10.0,2.7,-7.3,9,0.5052,0.304975375174,night,5,s
20260418-27-08,2026-04-18,京王閣,8,125-12-1245,125,12,1245,BUY,8,0.159785011972,B,False,2-5-1,8.0,0.0,-8.0,13,0.5298,0.289731502396,night,6,s
20260419-27-09,2026-04-19,京王閣,9,147-17-1357,147,17,1357,BUY,10,0.150406783599,B,True,7-1-5,10.0,3.0,-7.0,17,0.4497,0.279417856455,night,7,s
20260419-37-08,2026-04-19,伊東,8,125-25-1235,125,25,1235,BUY,8,0.214949908507,A,False,5-3-1,8.0,0.0,-8.0,11,0.4095,0.302595671036,day,5,s
20260419-37-09,2026-04-19,伊東,9,135-15-1345,135,15,1345,BUY,8,0.158888765863,B,False,2-1-5,8.0,0.0,-8.0,16,0.3785,0.253827989513,day,6,s
20260420-37-06,2026-04-20,伊東,6,125-15-1245,125,15,1245,BUY,8,0.218288478205,A,True,2-5-4,8.0,14.7,6.699999999999999,11,0.4427,0.286227448181,day,5,s
20260420-37-07,2026-04-20,伊東,7,234-34-2345,234,34,2345,BUY,8,0.219607613088,A,False,5-3-4,8.0,0.0,-8.0,16,0.521,0.283204143266,day,5,s
20260422-22-07,2026-04-22,前橋,7,237-23-1234,237,23,1234,BUY,10,0.151479218861,B,False,1-7-2,10.0,0.0,-10.0,14,0.3558,0.284834675657,day,7,s
20260422-22-10,2026-04-22,前橋,10,235-23-1235,235,23,1235,BUY,8,0.148422983197,B,False,2-4-1,8.0,0.0,-8.0,23,0.4567,0.309342625619,day,7,s
20260422-22-11,2026-04-22,前橋,11,145-14-1234,145,14,1234,BUY,10,0.145645339756,B,False,5-4-6,10.0,0.0,-10.0,11,0.3523,0.3585244154,day,7,s
20260423-22-06,2026-04-23,前橋,6,124-14-1245,124,14,1245,BUY,8,0.148729213414,B,True,4-1-2,8.0,8.5,0.5,23,0.5123,0.340393759761,day,6,s
20260423-38-05,2026-04-23,静岡,5,235-25-1235,235,25,1235,BUY,8,0.146107022927,B,False,2-5-4,8.0,0.0,-8.0,17,0.4427,0.269387856507,night,6,s
20260426-42-02,2026-04-26,名古屋,2,125-12-1235,125,12,1235,BUY,8,0.232980873677,A,False,1-5-3,8.0,0.0,-8.0,16,0.521,0.313827597528,day,5,s
20260427-43-10,2026-04-27,岐阜,10,157-15-1235,157,15,1235,BUY,10,0.169238798383,B,False,2-5-1,10.0,0.0,-10.0,15,0.4497,0.291202543495,night,7,s
20260427-87-12,2026-04-27,熊本,12,125-15-1457,125,15,1457,BUY,10,0.143845718655,B,False,5-4-7,10.0,0.0,-10.0,15,0.3907,0.296426581278,day,7,s
20260428-25-07,2026-04-28,大宮,7,134-14-1247,134,14,1247,BUY,10,0.143710019674,B,True,3-4-1,10.0,133.0,123.0,12,0.4825,0.263938857024,day,7,s
20260428-87-05,2026-04-28,熊本,5,235-23-2345,235,23,2345,BUY,8,0.151864892404,B,False,6-1-3,8.0,0.0,-8.0,13,0.4825,0.330194087791,day,6,s
20260429-25-12,2026-04-29,大宮,12,147-17-1367,147,17,1367,BUY,10,0.152266397157,B,False,1-2-4,10.0,0.0,-10.0,20,0.399,0.388262928941,day,7,s
20260429-43-05,2026-04-29,岐阜,5,125-25-1256,125,25,1256,BUY,8,0.165997255166,B,False,2-1-4,8.0,0.0,-8.0,8,0.3937,0.377766865096,night,6,s
20260430-11-08,2026-04-30,函館,8,145-15-1245,145,15,1245,BUY,8,0.172853700188,B,True,4-1-5,8.0,13.5,5.5,15,0.4148,0.368093154346,night,7,s
20260430-11-11,2026-04-30,函館,11,145-15-1345,145,15,1345,BUY,8,0.161069650332,B,False,5-1-2,8.0,0.0,-8.0,13,0.4253,0.361684481433,night,7,s
20260501-11-08,2026-05-01,函館,8,127-27-1247,127,27,1247,BUY,8,0.14408918283,B,False,7-3-2,8.0,0.0,-8.0,8,0.4965,0.300858807868,night,7,s
20260501-53-07,2026-05-01,奈良,7,245-25-1257,245,25,1257,BUY,10,0.144328222578,B,False,2-4-5,10.0,0.0,-10.0,12,0.4795,0.335905026289,night,7,s
20260501-53-10,2026-05-01,奈良,10,147-47-2347,147,47,2347,BUY,10,0.147029016989,B,False,2-7-4,10.0,0.0,-10.0,12,0.441,0.342531566646,night,7,s
20260504-56-11,2026-05-04,岸和田,11,145-15-1235,145,15,1235,BUY,10,0.172405365745,B,False,1-3-4,10.0,0.0,-10.0,15,0.4825,0.332756194043,day,7,s
20260505-47-08,2026-05-05,松阪,8,125-25-1235,125,25,1235,BUY,8,0.154299708314,B,False,4-5-3,8.0,0.0,-8.0,10,0.4078,0.265262066693,night,6,s
20260505-47-12,2026-05-05,松阪,12,134-14-1457,134,14,1457,BUY,10,0.148399510873,B,True,4-1-5,10.0,33.4,23.4,18,0.281,0.263626336144,night,7,s
20260505-56-08,2026-05-05,岸和田,8,123-13-1357,123,13,1357,BUY,10,0.140781818046,B,False,1-5-6,10.0,0.0,-10.0,12,0.5175,0.295100067084,day,7,s
20260506-56-06,2026-05-06,岸和田,6,345-35-1345,345,35,1345,BUY,8,0.185061489965,A,False,2-4-1,8.0,0.0,-8.0,12,0.4825,0.268250754851,day,6,s
20260506-62-06,2026-05-06,広島,6,125-15-1245,125,15,1245,BUY,8,0.145609898006,B,False,7-4-1,8.0,0.0,-8.0,14,0.4047,0.305564115485,night,7,s
20260506-62-08,2026-05-06,広島,8,257-57-2457,257,57,2457,BUY,8,0.141394492377,B,False,1-4-5,8.0,0.0,-8.0,14,0.3628,0.261852714615,night,7,s
20260507-62-06,2026-05-07,広島,6,147-17-1257,147,17,1257,BUY,10,0.14890960674,B,False,1-2-5,10.0,0.0,-10.0,12,0.5315,0.347158583114,night,7,s
20260507-62-10,2026-05-07,広島,10,134-14-1457,134,14,1457,BUY,10,0.178316741531,B,False,7-1-5,10.0,0.0,-10.0,14,0.4083,0.320848121296,night,7,s
20260507-87-10,2026-05-07,熊本,10,145-15-1357,145,15,1357,BUY,10,0.142829513261,B,False,5-4-3,10.0,0.0,-10.0,11,0.4183,0.389659899415,day,7,s
20260508-23-10,2026-05-08,取手,10,147-47-3457,147,47,3457,BUY,10,0.14455962376,B,True,7-4-3,10.0,17.9,7.899999999999999,15,0.3523,0.368576777316,day,7,s
20260508-62-06,2026-05-08,広島,6,347-34-1234,347,34,1234,BUY,10,0.140687880428,B,True,7-3-1,10.0,43.2,33.2,8,0.469,0.275497978315,night,7,s
20260509-23-10,2026-05-09,取手,10,234-24-2347,234,24,2347,BUY,8,0.165552919771,B,True,4-2-3,8.0,32.0,24.0,8,0.5298,0.290449790708,day,7,s
20260509-23-12,2026-05-09,取手,12,147-17-1457,147,17,1457,BUY,8,0.154050535083,B,False,4-2-7,8.0,0.0,-8.0,14,0.3907,0.292893451848,day,7,s
20260510-23-08,2026-05-10,取手,8,257-27-1247,257,27,1247,BUY,10,0.176112311407,B,False,5-1-2,10.0,0.0,-10.0,14,0.4725,0.272823784428,day,7,s
20260511-37-11,2026-05-11,伊東,11,457-45-3457,457,45,3457,BUY,8,0.144245425071,B,True,4-5-3,8.0,5.6,-2.4000000000000004,15,0.302,0.3123057766,day,7,s
20260512-37-12,2026-05-12,伊東,12,127-27-1247,127,27,1247,BUY,8,0.144963506569,B,True,1-2-4,8.0,144.6,136.6,15,0.2448,0.301041226375,day,7,s
