race_id,formation,first_numbers,second_numbers,third_numbers,ticket,ticket_probability_estimate,placement_probability,probability_scope,formation_ticket_count,role_score_method
20260528-12-03,124-12-1234,124,12,1234,1-2-3,0.01799470670006528,0.01799470670006528,formation_incremental,8,incremental
20260528-12-03,124-12-1234,124,12,1234,1-2-4,0.013068083684394093,0.013068083684394093,formation_incremental,8,incremental
20260528-12-03,124-12-1234,124,12,1234,2-1-3,0.017547707510099774,0.017547707510099774,formation_incremental,8,incremental
20260528-12-03,124-12-1234,124,12,1234,2-1-4,0.012743464732905184,0.012743464732905184,formation_incremental,8,incremental
20260528-12-03,124-12-1234,124,12,1234,4-1-2,0.018156089948900778,0.018156089948900778,formation_incremental,8,incremental
20260528-12-03,124-12-1234,124,12,1234,4-1-3,0.016454084858489815,0.016454084858489815,formation_incremental,8,incremental
20260528-12-03,124-12-1234,124,12,1234,4-2-1,0.021587581755029756,0.021587581755029756,formation_incremental,8,incremental
20260528-12-03,124-12-1234,124,12,1234,4-2-3,0.01710282644193695,0.01710282644193695,formation_incremental,8,incremental
20260528-12-04,124-12-1235,124,12,1235,1-2-3,0.015401283434490815,0.015401283434490815,formation_incremental,10,incremental
20260528-12-04,124-12-1235,124,12,1235,1-2-5,0.014019719703960395,0.014019719703960395,formation_incremental,10,incremental
20260528-12-04,124-12-1235,124,12,1235,2-1-3,0.017105647668243507,0.017105647668243507,formation_incremental,10,incremental
20260528-12-04,124-12-1235,124,12,1235,2-1-5,0.015571194873695687,0.015571194873695687,formation_incremental,10,incremental
20260528-12-04,124-12-1235,124,12,1235,4-1-2,0.015037836665780601,0.015037836665780601,formation_incremental,10,incremental
20260528-12-04,124-12-1235,124,12,1235,4-1-3,0.012563344621509627,0.012563344621509627,formation_incremental,10,incremental
20260528-12-04,124-12-1235,124,12,1235,4-1-5,0.011436356644367322,0.011436356644367322,formation_incremental,10,incremental
20260528-12-04,124-12-1235,124,12,1235,4-2-1,0.014438031720558396,0.014438031720558396,formation_incremental,10,incremental
20260528-12-04,124-12-1235,124,12,1235,4-2-3,0.010798548403446835,0.010798548403446835,formation_incremental,10,incremental
20260528-12-04,124-12-1235,124,12,1235,4-2-5,0.009829870508514468,0.009829870508514468,formation_incremental,10,incremental
20260528-12-05,123-12-1234,123,12,1234,1-2-3,0.01924332359349222,0.01924332359349222,formation_incremental,8,incremental
20260528-12-05,123-12-1234,123,12,1234,1-2-4,0.018168872852101465,0.018168872852101465,formation_incremental,8,incremental
20260528-12-05,123-12-1234,123,12,1234,2-1-3,0.017594032634707716,0.017594032634707716,formation_incremental,8,incremental
20260528-12-05,123-12-1234,123,12,1234,2-1-4,0.016611670034163608,0.016611670034163608,formation_incremental,8,incremental
20260528-12-05,123-12-1234,123,12,1234,3-1-2,0.013487369574658611,0.013487369574658611,formation_incremental,8,incremental
20260528-12-05,123-12-1234,123,12,1234,3-1-4,0.011252714835015347,0.011252714835015347,formation_incremental,8,incremental
20260528-12-05,123-12-1234,123,12,1234,3-2-1,0.013647151385885454,0.013647151385885454,formation_incremental,8,incremental
20260528-12-05,123-12-1234,123,12,1234,3-2-4,0.012295364288224895,0.012295364288224895,formation_incremental,8,incremental
20260528-12-06,123-13-1235,123,13,1235,1-3-2,0.018403487277414584,0.018403487277414584,formation_incremental,8,incremental
20260528-12-06,123-13-1235,123,13,1235,1-3-5,0.019493222087167472,0.019493222087167472,formation_incremental,8,incremental
20260528-12-06,123-13-1235,123,13,1235,2-1-3,0.014369553363289248,0.014369553363289248,formation_incremental,8,incremental
20260528-12-06,123-13-1235,123,13,1235,2-1-5,0.01504006461739353,0.01504006461739353,formation_incremental,8,incremental
20260528-12-06,123-13-1235,123,13,1235,2-3-1,0.0187839703131072,0.0187839703131072,formation_incremental,8,incremental
20260528-12-06,123-13-1235,123,13,1235,2-3-5,0.01375229170182266,0.01375229170182266,formation_incremental,8,incremental
20260528-12-06,123-13-1235,123,13,1235,3-1-2,0.018122181749845097,0.018122181749845097,formation_incremental,8,incremental
20260528-12-06,123-13-1235,123,13,1235,3-1-5,0.01919525947602749,0.01919525947602749,formation_incremental,8,incremental
20260528-12-07,125-12-1234,125,12,1234,1-2-3,0.024945807807660123,0.024945807807660123,formation_incremental,10,incremental
20260528-12-07,125-12-1234,125,12,1234,1-2-4,0.024851272381613904,0.024851272381613904,formation_incremental,10,incremental
20260528-12-07,125-12-1234,125,12,1234,2-1-3,0.013902993331152781,0.013902993331152781,formation_incremental,10,incremental
20260528-12-07,125-12-1234,125,12,1234,2-1-4,0.013850306105787616,0.013850306105787616,formation_incremental,10,incremental
20260528-12-07,125-12-1234,125,12,1234,5-1-2,0.014590209864065977,0.014590209864065977,formation_incremental,10,incremental
20260528-12-07,125-12-1234,125,12,1234,5-1-3,0.012283830046222806,0.012283830046222806,formation_incremental,10,incremental
20260528-12-07,125-12-1234,125,12,1234,5-1-4,0.012237278853499255,0.012237278853499255,formation_incremental,10,incremental
20260528-12-07,125-12-1234,125,12,1234,5-2-1,0.013493823019078935,0.013493823019078935,formation_incremental,10,incremental
20260528-12-07,125-12-1234,125,12,1234,5-2-3,0.011213052941160258,0.011213052941160258,formation_incremental,10,incremental
20260528-12-07,125-12-1234,125,12,1234,5-2-4,0.011170559599383375,0.011170559599383375,formation_incremental,10,incremental
20260528-12-08,123-12-1245,123,12,1245,1-2-4,0.03079255172053153,0.03079255172053153,formation_incremental,10,incremental
20260528-12-08,123-12-1245,123,12,1245,1-2-5,0.026954397151984718,0.026954397151984718,formation_incremental,10,incremental
20260528-12-08,123-12-1245,123,12,1245,2-1-4,0.010013987500467784,0.010013987500467784,formation_incremental,10,incremental
20260528-12-08,123-12-1245,123,12,1245,2-1-5,0.008765788513156719,0.008765788513156719,formation_incremental,10,incremental
20260528-12-08,123-12-1245,123,12,1245,3-1-2,0.021775958883413188,0.021775958883413188,formation_incremental,10,incremental
20260528-12-08,123-12-1245,123,12,1245,3-1-4,0.01360308620014101,0.01360308620014101,formation_incremental,10,incremental
20260528-12-08,123-12-1245,123,12,1245,3-1-5,0.011907522028673052,0.011907522028673052,formation_incremental,10,incremental
20260528-12-08,123-12-1245,123,12,1245,3-2-1,0.01952284140726458,0.01952284140726458,formation_incremental,10,incremental
20260528-12-08,123-12-1245,123,12,1245,3-2-4,0.014155275857622598,0.014155275857622598,formation_incremental,10,incremental
20260528-12-08,123-12-1245,123,12,1245,3-2-5,0.012390883702173238,0.012390883702173238,formation_incremental,10,incremental
20260528-12-09,125-12-1234,125,12,1234,1-2-3,0.01462027135865796,0.01462027135865796,formation_incremental,10,incremental
20260528-12-09,125-12-1234,125,12,1234,1-2-4,0.012405916306219645,0.012405916306219645,formation_incremental,10,incremental
20260528-12-09,125-12-1234,125,12,1234,2-1-3,0.013979674519542377,0.013979674519542377,formation_incremental,10,incremental
20260528-12-09,125-12-1234,125,12,1234,2-1-4,0.011862342895224743,0.011862342895224743,formation_incremental,10,incremental
20260528-12-09,125-12-1234,125,12,1234,5-1-2,0.011486311417721879,0.011486311417721879,formation_incremental,10,incremental
20260528-12-09,125-12-1234,125,12,1234,5-1-3,0.008930858887409451,0.008930858887409451,formation_incremental,10,incremental
20260528-12-09,125-12-1234,125,12,1234,5-1-4,0.007578210088026015,0.007578210088026015,formation_incremental,10,incremental
20260528-12-09,125-12-1234,125,12,1234,5-2-1,0.011158726018290854,0.011158726018290854,formation_incremental,10,incremental
20260528-12-09,125-12-1234,125,12,1234,5-2-3,0.008969708376794068,0.008969708376794068,formation_incremental,10,incremental
20260528-12-09,125-12-1234,125,12,1234,5-2-4,0.007611175516780487,0.007611175516780487,formation_incremental,10,incremental
20260528-21-01,347-34-2347,347,34,2347,3-4-2,0.011280020284167528,0.011280020284167528,formation_incremental,8,incremental
20260528-21-01,347-34-2347,347,34,2347,3-4-7,0.011366246994359789,0.011366246994359789,formation_incremental,8,incremental
20260528-21-01,347-34-2347,347,34,2347,4-3-2,0.010516644821486343,0.010516644821486343,formation_incremental,8,incremental
20260528-21-01,347-34-2347,347,34,2347,4-3-7,0.010597036138378745,0.010597036138378745,formation_incremental,8,incremental
20260528-21-01,347-34-2347,347,34,2347,7-3-2,0.009533777576849863,0.009533777576849863,formation_incremental,8,incremental
20260528-21-01,347-34-2347,347,34,2347,7-3-4,0.011927714154307361,0.011927714154307361,formation_incremental,8,incremental
20260528-21-01,347-34-2347,347,34,2347,7-4-2,0.010659325467327384,0.010659325467327384,formation_incremental,8,incremental
20260528-21-01,347-34-2347,347,34,2347,7-4-3,0.011378192881392541,0.011378192881392541,formation_incremental,8,incremental
20260528-21-02,124-14-1234,124,14,1234,1-4-2,0.014075396163217617,0.014075396163217617,formation_incremental,8,incremental
20260528-21-02,124-14-1234,124,14,1234,1-4-3,0.014807954486447375,0.014807954486447375,formation_incremental,8,incremental
20260528-21-02,124-14-1234,124,14,1234,2-1-3,0.010937405429557217,0.010937405429557217,formation_incremental,8,incremental
20260528-21-02,124-14-1234,124,14,1234,2-1-4,0.012500297679797929,0.012500297679797929,formation_incremental,8,incremental
20260528-21-02,124-14-1234,124,14,1234,2-4-1,0.009339051880267174,0.009339051880267174,formation_incremental,8,incremental
20260528-21-02,124-14-1234,124,14,1234,2-4-3,0.010543466522220754,0.010543466522220754,formation_incremental,8,incremental
20260528-21-02,124-14-1234,124,14,1234,4-1-2,0.012919670584005484,0.012919670584005484,formation_incremental,8,incremental
20260528-21-02,124-14-1234,124,14,1234,4-1-3,0.013592078813937416,0.013592078813937416,formation_incremental,8,incremental
20260528-21-03,145-14-1457,145,14,1457,1-4-5,0.024028823501893566,0.024028823501893566,formation_incremental,8,incremental
20260528-21-03,145-14-1457,145,14,1457,1-4-7,0.021081969086089863,0.021081969086089863,formation_incremental,8,incremental
20260528-21-03,145-14-1457,145,14,1457,4-1-5,0.018695981071049042,0.018695981071049042,formation_incremental,8,incremental
20260528-21-03,145-14-1457,145,14,1457,4-1-7,0.016403137462927254,0.016403137462927254,formation_incremental,8,incremental
20260528-21-03,145-14-1457,145,14,1457,5-1-4,0.011003264701722519,0.011003264701722519,formation_incremental,8,incremental
20260528-21-03,145-14-1457,145,14,1457,5-1-7,0.010713111927353972,0.010713111927353972,formation_incremental,8,incremental
20260528-21-03,145-14-1457,145,14,1457,5-4-1,0.009937235976711744,0.009937235976711744,formation_incremental,8,incremental
20260528-21-03,145-14-1457,145,14,1457,5-4-7,0.009092936648602095,0.009092936648602095,formation_incremental,8,incremental
20260528-21-04,237-57-3457,237,57,3457,2-5-3,0.012263212451585908,0.012263212451585908,formation_incremental,12,incremental
20260528-21-04,237-57-3457,237,57,3457,2-5-4,0.010001897564859273,0.010001897564859273,formation_incremental,12,incremental
20260528-21-04,237-57-3457,237,57,3457,2-5-7,0.01748386135468418,0.01748386135468418,formation_incremental,12,incremental
20260528-21-04,237-57-3457,237,57,3457,2-7-3,0.014717788690178688,0.014717788690178688,formation_incremental,12,incremental
20260528-21-04,237-57-3457,237,57,3457,2-7-4,0.012003854246313294,0.012003854246313294,formation_incremental,12,incremental
20260528-21-04,237-57-3457,237,57,3457,2-7-5,0.014619795530000706,0.014619795530000706,formation_incremental,12,incremental
20260528-21-04,237-57-3457,237,57,3457,3-5-4,0.012020729594480391,0.012020729594480391,formation_incremental,12,incremental
20260528-21-04,237-57-3457,237,57,3457,3-5-7,0.021012889629109213,0.021012889629109213,formation_incremental,12,incremental
20260528-21-04,237-57-3457,237,57,3457,3-7-4,0.014426771025275701,0.014426771025275701,formation_incremental,12,incremental
20260528-21-04,237-57-3457,237,57,3457,3-7-5,0.017570726719915605,0.017570726719915605,formation_incremental,12,incremental
20260528-21-04,237-57-3457,237,57,3457,7-5-3,0.03130189969350725,0.03130189969350725,formation_incremental,12,incremental
20260528-21-04,237-57-3457,237,57,3457,7-5-4,0.025529884241667147,0.025529884241667147,formation_incremental,12,incremental
20260528-21-05,247-27-2347,247,27,2347,2-7-3,0.019752808168108694,0.019752808168108694,formation_incremental,8,incremental
20260528-21-05,247-27-2347,247,27,2347,2-7-4,0.01600218793197971,0.01600218793197971,formation_incremental,8,incremental
20260528-21-05,247-27-2347,247,27,2347,4-2-3,0.016268488370643493,0.016268488370643493,formation_incremental,8,incremental
20260528-21-05,247-27-2347,247,27,2347,4-2-7,0.016851771533329896,0.016851771533329896,formation_incremental,8,incremental
20260528-21-05,247-27-2347,247,27,2347,4-7-2,0.017301974626114804,0.017301974626114804,formation_incremental,8,incremental
20260528-21-05,247-27-2347,247,27,2347,4-7-3,0.017876086740247963,0.017876086740247963,formation_incremental,8,incremental
20260528-21-05,247-27-2347,247,27,2347,7-2-3,0.01787228221766134,0.01787228221766134,formation_incremental,8,incremental
20260528-21-05,247-27-2347,247,27,2347,7-2-4,0.014478732157291011,0.014478732157291011,formation_incremental,8,incremental
20260528-21-06,137-37-1347,137,37,1347,1-3-4,0.010993126544019764,0.010993126544019764,formation_incremental,8,incremental
20260528-21-06,137-37-1347,137,37,1347,1-3-7,0.01743599112276548,0.01743599112276548,formation_incremental,8,incremental
20260528-21-06,137-37-1347,137,37,1347,1-7-3,0.015180007750772469,0.015180007750772469,formation_incremental,8,incremental
20260528-21-06,137-37-1347,137,37,1347,1-7-4,0.009186989785053617,0.009186989785053617,formation_incremental,8,incremental
20260528-21-06,137-37-1347,137,37,1347,3-7-1,0.010438205610779266,0.010438205610779266,formation_incremental,8,incremental
20260528-21-06,137-37-1347,137,37,1347,3-7-4,0.0108471281987362,0.0108471281987362,formation_incremental,8,incremental
20260528-21-06,137-37-1347,137,37,1347,7-3-1,0.011275288431185282,0.011275288431185282,formation_incremental,8,incremental
20260528-21-06,137-37-1347,137,37,1347,7-3-4,0.011717004210426091,0.011717004210426091,formation_incremental,8,incremental
20260528-21-07,157-13-1347,157,13,1347,1-3-4,0.013533647610173146,0.013533647610173146,formation_incremental,12,incremental
20260528-21-07,157-13-1347,157,13,1347,1-3-7,0.014714187115229801,0.014714187115229801,formation_incremental,12,incremental
20260528-21-07,157-13-1347,157,13,1347,5-1-3,0.011384548555735553,0.011384548555735553,formation_incremental,12,incremental
20260528-21-07,157-13-1347,157,13,1347,5-1-4,0.009072965084125664,0.009072965084125664,formation_incremental,12,incremental
20260528-21-07,157-13-1347,157,13,1347,5-1-7,0.009864399442277464,0.009864399442277464,formation_incremental,12,incremental
20260528-21-07,157-13-1347,157,13,1347,5-3-1,0.0103963790554488,0.0103963790554488,formation_incremental,12,incremental
20260528-21-07,157-13-1347,157,13,1347,5-3-4,0.008365955927441137,0.008365955927441137,formation_incremental,12,incremental
20260528-21-07,157-13-1347,157,13,1347,5-3-7,0.009095717906944962,0.009095717906944962,formation_incremental,12,incremental
20260528-21-07,157-13-1347,157,13,1347,7-1-3,0.01644002940144532,0.01644002940144532,formation_incremental,12,incremental
20260528-21-07,157-13-1347,157,13,1347,7-1-4,0.01310195235332066,0.01310195235332066,formation_incremental,12,incremental
20260528-21-07,157-13-1347,157,13,1347,7-3-1,0.01501304829992934,0.01501304829992934,formation_incremental,12,incremental
20260528-21-07,157-13-1347,157,13,1347,7-3-4,0.012080985095279597,0.012080985095279597,formation_incremental,12,incremental
20260528-21-08,247-27-1257,247,27,1257,2-7-1,0.013576601639404731,0.013576601639404731,formation_incremental,10,incremental
20260528-21-08,247-27-1257,247,27,1257,2-7-5,0.011189291004300637,0.011189291004300637,formation_incremental,10,incremental
20260528-21-08,247-27-1257,247,27,1257,4-2-1,0.009030373814045863,0.009030373814045863,formation_incremental,10,incremental
20260528-21-08,247-27-1257,247,27,1257,4-2-5,0.0074424722155584785,0.0074424722155584785,formation_incremental,10,incremental
20260528-21-08,247-27-1257,247,27,1257,4-2-7,0.009391069336615812,0.009391069336615812,formation_incremental,10,incremental
20260528-21-08,247-27-1257,247,27,1257,4-7-1,0.007817546007473575,0.007817546007473575,formation_incremental,10,incremental
20260528-21-08,247-27-1257,247,27,1257,4-7-2,0.008730557937122583,0.008730557937122583,formation_incremental,10,incremental
20260528-21-08,247-27-1257,247,27,1257,4-7-5,0.0064429081400789855,0.0064429081400789855,formation_incremental,10,incremental
20260528-21-08,247-27-1257,247,27,1257,7-2-1,0.010789584403813576,0.010789584403813576,formation_incremental,10,incremental
20260528-21-08,247-27-1257,247,27,1257,7-2-5,0.008892343085277933,0.008892343085277933,formation_incremental,10,incremental
20260528-21-09,137-13-1357,137,13,1357,1-3-5,0.013474785376922335,0.013474785376922335,formation_incremental,8,incremental
20260528-21-09,137-13-1357,137,13,1357,1-3-7,0.01558783941174373,0.01558783941174373,formation_incremental,8,incremental
20260528-21-09,137-13-1357,137,13,1357,3-1-5,0.009759809484556063,0.009759809484556063,formation_incremental,8,incremental
20260528-21-09,137-13-1357,137,13,1357,3-1-7,0.011290298040295839,0.011290298040295839,formation_incremental,8,incremental
20260528-21-09,137-13-1357,137,13,1357,7-1-3,0.01117656603284042,0.01117656603284042,formation_incremental,8,incremental
20260528-21-09,137-13-1357,137,13,1357,7-1-5,0.009042191011164461,0.009042191011164461,formation_incremental,8,incremental
20260528-21-09,137-13-1357,137,13,1357,7-3-1,0.010910702241833823,0.010910702241833823,formation_incremental,8,incremental
20260528-21-09,137-13-1357,137,13,1357,7-3-5,0.009850581947891002,0.009850581947891002,formation_incremental,8,incremental
20260528-21-10,237-23-1237,237,23,1237,2-3-1,0.01751199855796358,0.01751199855796358,formation_incremental,8,incremental
20260528-21-10,237-23-1237,237,23,1237,2-3-7,0.012132248401179812,0.012132248401179812,formation_incremental,8,incremental
20260528-21-10,237-23-1237,237,23,1237,3-2-1,0.02364745917951509,0.02364745917951509,formation_incremental,8,incremental
20260528-21-10,237-23-1237,237,23,1237,3-2-7,0.016382873026915053,0.016382873026915053,formation_incremental,8,incremental
20260528-21-10,237-23-1237,237,23,1237,7-2-1,0.012813085189579843,0.012813085189579843,formation_incremental,8,incremental
20260528-21-10,237-23-1237,237,23,1237,7-2-3,0.013106264143249892,0.013106264143249892,formation_incremental,8,incremental
20260528-21-10,237-23-1237,237,23,1237,7-3-1,0.014552250803259776,0.014552250803259776,formation_incremental,8,incremental
20260528-21-10,237-23-1237,237,23,1237,7-3-2,0.015365213788643198,0.015365213788643198,formation_incremental,8,incremental
20260528-21-11,157-15-1457,157,15,1457,1-5-4,0.014118307548941457,0.014118307548941457,formation_incremental,8,incremental
20260528-21-11,157-15-1457,157,15,1457,1-5-7,0.017296373522949954,0.017296373522949954,formation_incremental,8,incremental
20260528-21-11,157-15-1457,157,15,1457,5-1-4,0.014471378617919044,0.014471378617919044,formation_incremental,8,incremental
20260528-21-11,157-15-1457,157,15,1457,5-1-7,0.017728921763453576,0.017728921763453576,formation_incremental,8,incremental
20260528-21-11,157-15-1457,157,15,1457,7-1-4,0.013557359592313606,0.013557359592313606,formation_incremental,8,incremental
20260528-21-11,157-15-1457,157,15,1457,7-1-5,0.017919866962524022,0.017919866962524022,formation_incremental,8,incremental
20260528-21-11,157-15-1457,157,15,1457,7-5-1,0.020702109854144772,0.020702109854144772,formation_incremental,8,incremental
20260528-21-11,157-15-1457,157,15,1457,7-5-4,0.012767075471616911,0.012767075471616911,formation_incremental,8,incremental
20260528-21-12,457-57-2457,457,57,2457,4-5-2,0.014322468184735225,0.014322468184735225,formation_incremental,8,incremental
20260528-21-12,457-57-2457,457,57,2457,4-5-7,0.0142459472205457,0.0142459472205457,formation_incremental,8,incremental
20260528-21-12,457-57-2457,457,57,2457,4-7-2,0.00995610388028613,0.00995610388028613,formation_incremental,8,incremental
20260528-21-12,457-57-2457,457,57,2457,4-7-5,0.011901322871212544,0.011901322871212544,formation_incremental,8,incremental
20260528-21-12,457-57-2457,457,57,2457,5-7-2,0.01680148111665722,0.01680148111665722,formation_incremental,8,incremental
20260528-21-12,457-57-2457,457,57,2457,5-7-4,0.014305866739971095,0.014305866739971095,formation_incremental,8,incremental
20260528-21-12,457-57-2457,457,57,2457,7-5-2,0.013513411311016358,0.013513411311016358,formation_incremental,8,incremental
20260528-21-12,457-57-2457,457,57,2457,7-5-4,0.011506191631293565,0.011506191631293565,formation_incremental,8,incremental
20260528-22-01,147-14-1457,147,14,1457,1-4-5,0.017252179371009094,0.017252179371009094,formation_incremental,8,incremental
20260528-22-01,147-14-1457,147,14,1457,1-4-7,0.02314412608239539,0.02314412608239539,formation_incremental,8,incremental
20260528-22-01,147-14-1457,147,14,1457,4-1-5,0.01615622013158583,0.01615622013158583,formation_incremental,8,incremental
20260528-22-01,147-14-1457,147,14,1457,4-1-7,0.021673875960778747,0.021673875960778747,formation_incremental,8,incremental
20260528-22-01,147-14-1457,147,14,1457,7-1-4,0.01578288690600278,0.01578288690600278,formation_incremental,8,incremental
20260528-22-01,147-14-1457,147,14,1457,7-1-5,0.015301588500701858,0.015301588500701858,formation_incremental,8,incremental
20260528-22-01,147-14-1457,147,14,1457,7-4-1,0.01628524393583563,0.01628524393583563,formation_incremental,8,incremental
20260528-22-01,147-14-1457,147,14,1457,7-4-5,0.01345729619748483,0.01345729619748483,formation_incremental,8,incremental
20260528-22-02,245-24-2347,245,24,2347,2-4-3,0.01954089092494733,0.01954089092494733,formation_incremental,10,incremental
20260528-22-02,245-24-2347,245,24,2347,2-4-7,0.02506076962644687,0.02506076962644687,formation_incremental,10,incremental
20260528-22-02,245-24-2347,245,24,2347,4-2-3,0.016705561111767023,0.016705561111767023,formation_incremental,10,incremental
20260528-22-02,245-24-2347,245,24,2347,4-2-7,0.021424520514980127,0.021424520514980127,formation_incremental,10,incremental
20260528-22-02,245-24-2347,245,24,2347,5-2-3,0.008097558911631386,0.008097558911631386,formation_incremental,10,incremental
20260528-22-02,245-24-2347,245,24,2347,5-2-4,0.011741940266183238,0.011741940266183238,formation_incremental,10,incremental
20260528-22-02,245-24-2347,245,24,2347,5-2-7,0.010384944023299338,0.010384944023299338,formation_incremental,10,incremental
20260528-22-02,245-24-2347,245,24,2347,5-4-2,0.010458418428115571,0.010458418428115571,formation_incremental,10,incremental
20260528-22-02,245-24-2347,245,24,2347,5-4-3,0.00784748366067627,0.00784748366067627,formation_incremental,10,incremental
20260528-22-02,245-24-2347,245,24,2347,5-4-7,0.010064227927112493,0.010064227927112493,formation_incremental,10,incremental
20260528-22-03,357-57-1257,357,57,1257,3-5-1,0.009257182681628331,0.009257182681628331,formation_incremental,10,incremental
20260528-22-03,357-57-1257,357,57,1257,3-5-2,0.008083150324706112,0.008083150324706112,formation_incremental,10,incremental
20260528-22-03,357-57-1257,357,57,1257,3-5-7,0.010605213787588356,0.010605213787588356,formation_incremental,10,incremental
20260528-22-03,357-57-1257,357,57,1257,3-7-1,0.010110430434183582,0.010110430434183582,formation_incremental,10,incremental
20260528-22-03,357-57-1257,357,57,1257,3-7-2,0.008828185837703957,0.008828185837703957,formation_incremental,10,incremental
20260528-22-03,357-57-1257,357,57,1257,3-7-5,0.010237476873599964,0.010237476873599964,formation_incremental,10,incremental
20260528-22-03,357-57-1257,357,57,1257,5-7-1,0.01389577880984348,0.01389577880984348,formation_incremental,10,incremental
20260528-22-03,357-57-1257,357,57,1257,5-7-2,0.012133461427929102,0.012133461427929102,formation_incremental,10,incremental
20260528-22-03,357-57-1257,357,57,1257,7-5-1,0.013438785696623903,0.013438785696623903,formation_incremental,10,incremental
20260528-22-03,357-57-1257,357,57,1257,7-5-2,0.01173442598069306,0.01173442598069306,formation_incremental,10,incremental
20260528-22-05,235-25-1235,235,25,1235,2-5-1,0.010122815744181387,0.010122815744181387,formation_incremental,8,incremental
20260528-22-05,235-25-1235,235,25,1235,2-5-3,0.013013979913410276,0.013013979913410276,formation_incremental,8,incremental
20260528-22-05,235-25-1235,235,25,1235,3-2-1,0.007847246659666705,0.007847246659666705,formation_incremental,8,incremental
20260528-22-05,235-25-1235,235,25,1235,3-2-5,0.009003389971027323,0.009003389971027323,formation_incremental,8,incremental
20260528-22-05,235-25-1235,235,25,1235,3-5-1,0.007041598693623504,0.007041598693623504,formation_incremental,8,incremental
20260528-22-05,235-25-1235,235,25,1235,3-5-2,0.011027057128969663,0.011027057128969663,formation_incremental,8,incremental
20260528-22-05,235-25-1235,235,25,1235,5-2-1,0.011082268292077029,0.011082268292077029,formation_incremental,8,incremental
20260528-22-05,235-25-1235,235,25,1235,5-2-3,0.014247460449037066,0.014247460449037066,formation_incremental,8,incremental
20260528-22-06,235-25-2345,235,25,2345,2-5-3,0.010413510084623458,0.010413510084623458,formation_incremental,8,incremental
20260528-22-06,235-25-2345,235,25,2345,2-5-4,0.014474642457823372,0.014474642457823372,formation_incremental,8,incremental
20260528-22-06,235-25-2345,235,25,2345,3-2-4,0.013923805963955337,0.013923805963955337,formation_incremental,8,incremental
20260528-22-06,235-25-2345,235,25,2345,3-2-5,0.016280677471962702,0.016280677471962702,formation_incremental,8,incremental
20260528-22-06,235-25-2345,235,25,2345,3-5-2,0.01537700800252164,0.01537700800252164,formation_incremental,8,incremental
20260528-22-06,235-25-2345,235,25,2345,3-5-4,0.015022352764314358,0.015022352764314358,formation_incremental,8,incremental
20260528-22-06,235-25-2345,235,25,2345,5-2-3,0.012745412814287167,0.012745412814287167,formation_incremental,8,incremental
20260528-22-06,235-25-2345,235,25,2345,5-2-4,0.017715956672148158,0.017715956672148158,formation_incremental,8,incremental
20260528-22-07,456-46-4567,456,46,4567,4-6-5,0.011064540365713915,0.011064540365713915,formation_incremental,8,incremental
20260528-22-07,456-46-4567,456,46,4567,4-6-7,0.010841334027818204,0.010841334027818204,formation_incremental,8,incremental
20260528-22-07,456-46-4567,456,46,4567,5-4-6,0.010334037826289829,0.010334037826289829,formation_incremental,8,incremental
20260528-22-07,456-46-4567,456,46,4567,5-4-7,0.009120213236935746,0.009120213236935746,formation_incremental,8,incremental
20260528-22-07,456-46-4567,456,46,4567,5-6-4,0.011992860741313711,0.011992860741313711,formation_incremental,8,incremental
20260528-22-07,456-46-4567,456,46,4567,5-6-7,0.010459995489449222,0.010459995489449222,formation_incremental,8,incremental
20260528-22-07,456-46-4567,456,46,4567,6-4-5,0.01206159207466488,0.01206159207466488,formation_incremental,8,incremental
20260528-22-07,456-46-4567,456,46,4567,6-4-7,0.011818272089632303,0.011818272089632303,formation_incremental,8,incremental
20260528-22-08,347-47-2347,347,47,2347,3-4-2,0.011099862706463348,0.011099862706463348,formation_incremental,8,incremental
20260528-22-08,347-47-2347,347,47,2347,3-4-7,0.01960457908648161,0.01960457908648161,formation_incremental,8,incremental
20260528-22-08,347-47-2347,347,47,2347,3-7-2,0.009502162349570487,0.009502162349570487,formation_incremental,8,incremental
20260528-22-08,347-47-2347,347,47,2347,3-7-4,0.01796181071799609,0.01796181071799609,formation_incremental,8,incremental
20260528-22-08,347-47-2347,347,47,2347,4-7-2,0.01253853946606723,0.01253853946606723,formation_incremental,8,incremental
20260528-22-08,347-47-2347,347,47,2347,4-7-3,0.0210515217516505,0.0210515217516505,formation_incremental,8,incremental
20260528-22-08,347-47-2347,347,47,2347,7-4-2,0.012270715905901642,0.012270715905901642,formation_incremental,8,incremental
20260528-22-08,347-47-2347,347,47,2347,7-4-3,0.0206018606473657,0.0206018606473657,formation_incremental,8,incremental
20260528-22-09,237-27-2347,237,27,2347,2-7-3,0.025699075430768444,0.025699075430768444,formation_incremental,8,incremental
20260528-22-09,237-27-2347,237,27,2347,2-7-4,0.036708682659493036,0.036708682659493036,formation_incremental,8,incremental
20260528-22-09,237-27-2347,237,27,2347,3-2-4,0.009272709993457305,0.009272709993457305,formation_incremental,8,incremental
20260528-22-09,237-27-2347,237,27,2347,3-2-7,0.012624553041730276,0.012624553041730276,formation_incremental,8,incremental
20260528-22-09,237-27-2347,237,27,2347,3-7-2,0.011291918328922507,0.011291918328922507,formation_incremental,8,incremental
20260528-22-09,237-27-2347,237,27,2347,3-7-4,0.01207558698161595,0.01207558698161595,formation_incremental,8,incremental
20260528-22-09,237-27-2347,237,27,2347,7-2-3,0.025860357929493927,0.025860357929493927,formation_incremental,8,incremental
20260528-22-09,237-27-2347,237,27,2347,7-2-4,0.03693905935456883,0.03693905935456883,formation_incremental,8,incremental
20260528-22-11,127-23-2347,127,23,2347,1-2-3,0.010693192823417687,0.010693192823417687,formation_incremental,12,incremental
20260528-22-11,127-23-2347,127,23,2347,1-2-4,0.011412813515447217,0.011412813515447217,formation_incremental,12,incremental
20260528-22-11,127-23-2347,127,23,2347,1-2-7,0.016954336546310584,0.016954336546310584,formation_incremental,12,incremental
20260528-22-11,127-23-2347,127,23,2347,1-3-2,0.009987235849104874,0.009987235849104874,formation_incremental,12,incremental
20260528-22-11,127-23-2347,127,23,2347,1-3-4,0.007492979644254096,0.007492979644254096,formation_incremental,12,incremental
20260528-22-11,127-23-2347,127,23,2347,1-3-7,0.01113121654457879,0.01113121654457879,formation_incremental,12,incremental
20260528-22-11,127-23-2347,127,23,2347,2-3-4,0.012906529552996862,0.012906529552996862,formation_incremental,12,incremental
20260528-22-11,127-23-2347,127,23,2347,2-3-7,0.01917333051926571,0.01917333051926571,formation_incremental,12,incremental
20260528-22-11,127-23-2347,127,23,2347,7-2-3,0.01920052246316621,0.01920052246316621,formation_incremental,12,incremental
20260528-22-11,127-23-2347,127,23,2347,7-2-4,0.02049266162968468,0.02049266162968468,formation_incremental,12,incremental
20260528-22-11,127-23-2347,127,23,2347,7-3-2,0.017932917645114333,0.017932917645114333,formation_incremental,12,incremental
20260528-22-11,127-23-2347,127,23,2347,7-3-4,0.013454271923394106,0.013454271923394106,formation_incremental,12,incremental
20260528-37-01,234-23-2347,234,23,2347,2-3-4,0.020392131940812908,0.020392131940812908,formation_incremental,8,incremental
20260528-37-01,234-23-2347,234,23,2347,2-3-7,0.01744189434672002,0.01744189434672002,formation_incremental,8,incremental
20260528-37-01,234-23-2347,234,23,2347,3-2-4,0.021462620947862,0.021462620947862,formation_incremental,8,incremental
20260528-37-01,234-23-2347,234,23,2347,3-2-7,0.018357510046660964,0.018357510046660964,formation_incremental,8,incremental
20260528-37-01,234-23-2347,234,23,2347,4-2-3,0.01387501056992644,0.01387501056992644,formation_incremental,8,incremental
20260528-37-01,234-23-2347,234,23,2347,4-2-7,0.010978210272037369,0.010978210272037369,formation_incremental,8,incremental
20260528-37-01,234-23-2347,234,23,2347,4-3-2,0.016190443399882893,0.016190443399882893,formation_incremental,8,incremental
20260528-37-01,234-23-2347,234,23,2347,4-3-7,0.012096421046501942,0.012096421046501942,formation_incremental,8,incremental
20260528-37-02,257-27-2347,257,27,2347,2-7-3,0.02414028518594961,0.02414028518594961,formation_incremental,10,incremental
20260528-37-02,257-27-2347,257,27,2347,2-7-4,0.01981990482694998,0.01981990482694998,formation_incremental,10,incremental
20260528-37-02,257-27-2347,257,27,2347,5-2-3,0.010564694175131707,0.010564694175131707,formation_incremental,10,incremental
20260528-37-02,257-27-2347,257,27,2347,5-2-4,0.008673933694818791,0.008673933694818791,formation_incremental,10,incremental
20260528-37-02,257-27-2347,257,27,2347,5-2-7,0.009274825589790096,0.009274825589790096,formation_incremental,10,incremental
20260528-37-02,257-27-2347,257,27,2347,5-7-2,0.00977892868962473,0.00977892868962473,formation_incremental,10,incremental
20260528-37-02,257-27-2347,257,27,2347,5-7-3,0.010689181190282171,0.010689181190282171,formation_incremental,10,incremental
20260528-37-02,257-27-2347,257,27,2347,5-7-4,0.00877614130228771,0.00877614130228771,formation_incremental,10,incremental
20260528-37-02,257-27-2347,257,27,2347,7-2-3,0.021247424948140334,0.021247424948140334,formation_incremental,10,incremental
20260528-37-02,257-27-2347,257,27,2347,7-2-4,0.017444779009280723,0.017444779009280723,formation_incremental,10,incremental
20260528-37-03,134-14-1245,134,14,1245,1-4-2,0.019225778896729627,0.019225778896729627,formation_incremental,10,incremental
20260528-37-03,134-14-1245,134,14,1245,1-4-5,0.019424045920491906,0.019424045920491906,formation_incremental,10,incremental
20260528-37-03,134-14-1245,134,14,1245,3-1-2,0.008816179252862813,0.008816179252862813,formation_incremental,10,incremental
20260528-37-03,134-14-1245,134,14,1245,3-1-4,0.012317183532989766,0.012317183532989766,formation_incremental,10,incremental
20260528-37-03,134-14-1245,134,14,1245,3-1-5,0.008907096642000019,0.008907096642000019,formation_incremental,10,incremental
20260528-37-03,134-14-1245,134,14,1245,3-4-1,0.010388432238487342,0.010388432238487342,formation_incremental,10,incremental
20260528-37-03,134-14-1245,134,14,1245,3-4-2,0.00892050190177653,0.00892050190177653,formation_incremental,10,incremental
20260528-37-03,134-14-1245,134,14,1245,3-4-5,0.009012495124627531,0.009012495124627531,formation_incremental,10,incremental
20260528-37-03,134-14-1245,134,14,1245,4-1-2,0.01606894390187556,0.01606894390187556,formation_incremental,10,incremental
20260528-37-03,134-14-1245,134,14,1245,4-1-5,0.016234655871182033,0.016234655871182033,formation_incremental,10,incremental
20260528-37-04,247-34-3457,247,34,3457,2-3-4,0.01747368371164014,0.01747368371164014,formation_incremental,12,incremental
20260528-37-04,247-34-3457,247,34,3457,2-3-5,0.011965955197018917,0.011965955197018917,formation_incremental,12,incremental
20260528-37-04,247-34-3457,247,34,3457,2-3-7,0.013982541197254837,0.013982541197254837,formation_incremental,12,incremental
20260528-37-04,247-34-3457,247,34,3457,2-4-3,0.018228238144911795,0.018228238144911795,formation_incremental,12,incremental
20260528-37-04,247-34-3457,247,34,3457,2-4-5,0.014423127028366374,0.014423127028366374,formation_incremental,12,incremental
20260528-37-04,247-34-3457,247,34,3457,2-4-7,0.016853812716732815,0.016853812716732815,formation_incremental,12,incremental
20260528-37-04,247-34-3457,247,34,3457,4-3-5,0.018840909946889632,0.018840909946889632,formation_incremental,12,incremental
20260528-37-04,247-34-3457,247,34,3457,4-3-7,0.022016111141029887,0.022016111141029887,formation_incremental,12,incremental
20260528-37-04,247-34-3457,247,34,3457,7-3-4,0.017268716207683873,0.017268716207683873,formation_incremental,12,incremental
20260528-37-04,247-34-3457,247,34,3457,7-3-5,0.01182559372489546,0.01182559372489546,formation_incremental,12,incremental
20260528-37-04,247-34-3457,247,34,3457,7-4-3,0.018014419665892737,0.018014419665892737,formation_incremental,12,incremental
20260528-37-04,247-34-3457,247,34,3457,7-4-5,0.014253942762756766,0.014253942762756766,formation_incremental,12,incremental
20260528-37-05,257-27-2457,257,27,2457,2-7-4,0.008483014907836912,0.008483014907836912,formation_incremental,8,incremental
20260528-37-05,257-27-2457,257,27,2457,2-7-5,0.009075566393412596,0.009075566393412596,formation_incremental,8,incremental
20260528-37-05,257-27-2457,257,27,2457,5-2-4,0.011333951446856599,0.011333951446856599,formation_incremental,8,incremental
20260528-37-05,257-27-2457,257,27,2457,5-2-7,0.01488476633212147,0.01488476633212147,formation_incremental,8,incremental
20260528-37-05,257-27-2457,257,27,2457,5-7-2,0.01500239943477471,0.01500239943477471,formation_incremental,8,incremental
20260528-37-05,257-27-2457,257,27,2457,5-7-4,0.011527988611429103,0.011527988611429103,formation_incremental,8,incremental
20260528-37-05,257-27-2457,257,27,2457,7-2-4,0.00821854828454732,0.00821854828454732,formation_incremental,8,incremental
20260528-37-05,257-27-2457,257,27,2457,7-2-5,0.008792626374494444,0.008792626374494444,formation_incremental,8,incremental
20260528-37-06,347-47-1457,347,47,1457,3-4-1,0.006785323110578404,0.006785323110578404,formation_incremental,10,incremental
20260528-37-06,347-47-1457,347,47,1457,3-4-5,0.008134218810508796,0.008134218810508796,formation_incremental,10,incremental
20260528-37-06,347-47-1457,347,47,1457,3-4-7,0.008710009621010545,0.008710009621010545,formation_incremental,10,incremental
20260528-37-06,347-47-1457,347,47,1457,3-7-1,0.007602501746380819,0.007602501746380819,formation_incremental,10,incremental
20260528-37-06,347-47-1457,347,47,1457,3-7-4,0.009889296887622486,0.009889296887622486,formation_incremental,10,incremental
20260528-37-06,347-47-1457,347,47,1457,3-7-5,0.009113849363477894,0.009113849363477894,formation_incremental,10,incremental
20260528-37-06,347-47-1457,347,47,1457,4-7-1,0.010593207999934691,0.010593207999934691,formation_incremental,10,incremental
20260528-37-06,347-47-1457,347,47,1457,4-7-5,0.01269909632488464,0.01269909632488464,formation_incremental,10,incremental
20260528-37-06,347-47-1457,347,47,1457,7-4-1,0.01207528685465339,0.01207528685465339,formation_incremental,10,incremental
20260528-37-06,347-47-1457,347,47,1457,7-4-5,0.014475806660154513,0.014475806660154513,formation_incremental,10,incremental
20260528-37-07,124-14-1247,124,14,1247,1-4-2,0.02114203628122166,0.02114203628122166,formation_incremental,8,incremental
20260528-37-07,124-14-1247,124,14,1247,1-4-7,0.01740651844279445,0.01740651844279445,formation_incremental,8,incremental
20260528-37-07,124-14-1247,124,14,1247,2-1-4,0.00721026955197089,0.00721026955197089,formation_incremental,8,incremental
20260528-37-07,124-14-1247,124,14,1247,2-1-7,0.007532599895708093,0.007532599895708093,formation_incremental,8,incremental
20260528-37-07,124-14-1247,124,14,1247,2-4-1,0.007918622938842337,0.007918622938842337,formation_incremental,8,incremental
20260528-37-07,124-14-1247,124,14,1247,2-4-7,0.0074883499761118,0.0074883499761118,formation_incremental,8,incremental
20260528-37-07,124-14-1247,124,14,1247,4-1-2,0.02178713628971255,0.02178713628971255,formation_incremental,8,incremental
20260528-37-07,124-14-1247,124,14,1247,4-1-7,0.01793763782249285,0.01793763782249285,formation_incremental,8,incremental
20260528-37-08,147-47-1247,147,47,1247,1-4-2,0.011187577795578755,0.011187577795578755,formation_incremental,8,incremental
20260528-37-08,147-47-1247,147,47,1247,1-4-7,0.012340393806183582,0.012340393806183582,formation_incremental,8,incremental
20260528-37-08,147-47-1247,147,47,1247,1-7-2,0.012607165293606495,0.012607165293606495,formation_incremental,8,incremental
20260528-37-08,147-47-1247,147,47,1247,1-7-4,0.013907413553192687,0.013907413553192687,formation_incremental,8,incremental
20260528-37-08,147-47-1247,147,47,1247,4-7-1,0.008908428392342568,0.008908428392342568,formation_incremental,8,incremental
20260528-37-08,147-47-1247,147,47,1247,4-7-2,0.009644735598956197,0.009644735598956197,formation_incremental,8,incremental
20260528-37-08,147-47-1247,147,47,1247,7-4-1,0.016773419440690655,0.016773419440690655,formation_incremental,8,incremental
20260528-37-08,147-47-1247,147,47,1247,7-4-2,0.0181597907589301,0.0181597907589301,formation_incremental,8,incremental
20260528-37-09,345-34-3457,345,34,3457,3-4-5,0.015265475626239108,0.015265475626239108,formation_incremental,8,incremental
20260528-37-09,345-34-3457,345,34,3457,3-4-7,0.017923417180810402,0.017923417180810402,formation_incremental,8,incremental
20260528-37-09,345-34-3457,345,34,3457,4-3-5,0.011005068325783227,0.011005068325783227,formation_incremental,8,incremental
20260528-37-09,345-34-3457,345,34,3457,4-3-7,0.012921210942638069,0.012921210942638069,formation_incremental,8,incremental
20260528-37-09,345-34-3457,345,34,3457,5-3-4,0.015795544563890856,0.015795544563890856,formation_incremental,8,incremental
20260528-37-09,345-34-3457,345,34,3457,5-3-7,0.01520715265766954,0.01520715265766954,formation_incremental,8,incremental
20260528-37-09,345-34-3457,345,34,3457,5-4-3,0.015498197917430522,0.015498197917430522,formation_incremental,8,incremental
20260528-37-09,345-34-3457,345,34,3457,5-4-7,0.012572771418824081,0.012572771418824081,formation_incremental,8,incremental
20260528-37-10,135-13-1357,135,13,1357,1-3-5,0.017612523096956708,0.017612523096956708,formation_incremental,8,incremental
20260528-37-10,135-13-1357,135,13,1357,1-3-7,0.016981549518214983,0.016981549518214983,formation_incremental,8,incremental
20260528-37-10,135-13-1357,135,13,1357,3-1-5,0.015454257856825082,0.015454257856825082,formation_incremental,8,incremental
20260528-37-10,135-13-1357,135,13,1357,3-1-7,0.014900604735518276,0.014900604735518276,formation_incremental,8,incremental
20260528-37-10,135-13-1357,135,13,1357,5-1-3,0.011852347477179571,0.011852347477179571,formation_incremental,8,incremental
20260528-37-10,135-13-1357,135,13,1357,5-1-7,0.01100412370718744,0.01100412370718744,formation_incremental,8,incremental
20260528-37-10,135-13-1357,135,13,1357,5-3-1,0.01053988709086597,0.01053988709086597,formation_incremental,8,incremental
20260528-37-10,135-13-1357,135,13,1357,5-3-7,0.010300470960459794,0.010300470960459794,formation_incremental,8,incremental
20260528-37-11,145-14-1234,145,14,1234,1-4-2,0.013010124888010738,0.013010124888010738,formation_incremental,10,incremental
20260528-37-11,145-14-1234,145,14,1234,1-4-3,0.016838126701554632,0.016838126701554632,formation_incremental,10,incremental
20260528-37-11,145-14-1234,145,14,1234,4-1-2,0.01594824765450469,0.01594824765450469,formation_incremental,10,incremental
20260528-37-11,145-14-1234,145,14,1234,4-1-3,0.02064074072969036,0.02064074072969036,formation_incremental,10,incremental
20260528-37-11,145-14-1234,145,14,1234,5-1-2,0.009367976753274882,0.009367976753274882,formation_incremental,10,incremental
20260528-37-11,145-14-1234,145,14,1234,5-1-3,0.012124340147896873,0.012124340147896873,formation_incremental,10,incremental
20260528-37-11,145-14-1234,145,14,1234,5-1-4,0.012203343318922194,0.012203343318922194,formation_incremental,10,incremental
20260528-37-11,145-14-1234,145,14,1234,5-4-1,0.014328694306814627,0.014328694306814627,formation_incremental,10,incremental
20260528-37-11,145-14-1234,145,14,1234,5-4-2,0.008823647766510678,0.008823647766510678,formation_incremental,10,incremental
20260528-37-11,145-14-1234,145,14,1234,5-4-3,0.011419851872391477,0.011419851872391477,formation_incremental,10,incremental
20260528-37-12,125-25-2345,125,25,2345,1-2-3,0.009627587779538885,0.009627587779538885,formation_incremental,10,incremental
20260528-37-12,125-25-2345,125,25,2345,1-2-4,0.007437404543122184,0.007437404543122184,formation_incremental,10,incremental
20260528-37-12,125-25-2345,125,25,2345,1-2-5,0.01064944590603718,0.01064944590603718,formation_incremental,10,incremental
20260528-37-12,125-25-2345,125,25,2345,1-5-2,0.012369739715729078,0.012369739715729078,formation_incremental,10,incremental
20260528-37-12,125-25-2345,125,25,2345,1-5-3,0.009681506115872495,0.009681506115872495,formation_incremental,10,incremental
20260528-37-12,125-25-2345,125,25,2345,1-5-4,0.007479056978684231,0.007479056978684231,formation_incremental,10,incremental
20260528-37-12,125-25-2345,125,25,2345,2-5-3,0.014244087479147726,0.014244087479147726,formation_incremental,10,incremental
20260528-37-12,125-25-2345,125,25,2345,2-5-4,0.011003695147313121,0.011003695147313121,formation_incremental,10,incremental
20260528-37-12,125-25-2345,125,25,2345,5-2-3,0.0121572129773157,0.0121572129773157,formation_incremental,10,incremental
20260528-37-12,125-25-2345,125,25,2345,5-2-4,0.009391564439573705,0.009391564439573705,formation_incremental,10,incremental
20260528-43-01,157-15-1235,157,15,1235,1-5-2,0.012988091975869396,0.012988091975869396,formation_incremental,10,incremental
20260528-43-01,157-15-1235,157,15,1235,1-5-3,0.012412866138298197,0.012412866138298197,formation_incremental,10,incremental
20260528-43-01,157-15-1235,157,15,1235,5-1-2,0.011894860477324297,0.011894860477324297,formation_incremental,10,incremental
20260528-43-01,157-15-1235,157,15,1235,5-1-3,0.011368052452437069,0.011368052452437069,formation_incremental,10,incremental
20260528-43-01,157-15-1235,157,15,1235,7-1-2,0.012246211592237927,0.012246211592237927,formation_incremental,10,incremental
20260528-43-01,157-15-1235,157,15,1235,7-1-3,0.011703842679752023,0.011703842679752023,formation_incremental,10,incremental
20260528-43-01,157-15-1235,157,15,1235,7-1-5,0.01619330629465253,0.01619330629465253,formation_incremental,10,incremental
20260528-43-01,157-15-1235,157,15,1235,7-5-1,0.016066207519704497,0.016066207519704497,formation_incremental,10,incremental
20260528-43-01,157-15-1235,157,15,1235,7-5-2,0.013802915287808958,0.013802915287808958,formation_incremental,10,incremental
20260528-43-01,157-15-1235,157,15,1235,7-5-3,0.013191601976961948,0.013191601976961948,formation_incremental,10,incremental
20260528-43-02,157-17-1237,157,17,1237,1-7-2,0.012007787309834629,0.012007787309834629,formation_incremental,10,incremental
20260528-43-02,157-17-1237,157,17,1237,1-7-3,0.011809425937516445,0.011809425937516445,formation_incremental,10,incremental
20260528-43-02,157-17-1237,157,17,1237,5-1-2,0.008722325390255085,0.008722325390255085,formation_incremental,10,incremental
20260528-43-02,157-17-1237,157,17,1237,5-1-3,0.008578237858591386,0.008578237858591386,formation_incremental,10,incremental
20260528-43-02,157-17-1237,157,17,1237,5-1-7,0.0110768176191907,0.0110768176191907,formation_incremental,10,incremental
20260528-43-02,157-17-1237,157,17,1237,5-7-1,0.008861583693493727,0.008861583693493727,formation_incremental,10,incremental
20260528-43-02,157-17-1237,157,17,1237,5-7-2,0.008704400836926961,0.008704400836926961,formation_incremental,10,incremental
20260528-43-02,157-17-1237,157,17,1237,5-7-3,0.008560609408025964,0.008560609408025964,formation_incremental,10,incremental
20260528-43-02,157-17-1237,157,17,1237,7-1-2,0.011621781977707215,0.011621781977707215,formation_incremental,10,incremental
20260528-43-02,157-17-1237,157,17,1237,7-1-3,0.011429797179642659,0.011429797179642659,formation_incremental,10,incremental
20260528-43-03,125-12-1235,125,12,1235,1-2-3,0.013918815430003525,0.013918815430003525,formation_incremental,8,incremental
20260528-43-03,125-12-1235,125,12,1235,1-2-5,0.015270554358121706,0.015270554358121706,formation_incremental,8,incremental
20260528-43-03,125-12-1235,125,12,1235,2-1-3,0.013910759782204163,0.013910759782204163,formation_incremental,8,incremental
20260528-43-03,125-12-1235,125,12,1235,2-1-5,0.015261716378465415,0.015261716378465415,formation_incremental,8,incremental
20260528-43-03,125-12-1235,125,12,1235,5-1-2,0.011558561677367844,0.011558561677367844,formation_incremental,8,incremental
20260528-43-03,125-12-1235,125,12,1235,5-1-3,0.00949579695361365,0.00949579695361365,formation_incremental,8,incremental
20260528-43-03,125-12-1235,125,12,1235,5-2-1,0.010638232837478041,0.010638232837478041,formation_incremental,8,incremental
20260528-43-03,125-12-1235,125,12,1235,5-2-3,0.00976589629054146,0.00976589629054146,formation_incremental,8,incremental
20260528-43-04,257-57-1257,257,57,1257,2-5-1,0.00984511548693357,0.00984511548693357,formation_incremental,8,incremental
20260528-43-04,257-57-1257,257,57,1257,2-5-7,0.013086046431126885,0.013086046431126885,formation_incremental,8,incremental
20260528-43-04,257-57-1257,257,57,1257,2-7-1,0.010471696433777253,0.010471696433777253,formation_incremental,8,incremental
20260528-43-04,257-57-1257,257,57,1257,2-7-5,0.011429173470355292,0.011429173470355292,formation_incremental,8,incremental
20260528-43-04,257-57-1257,257,57,1257,5-7-1,0.01099494783573053,0.01099494783573053,formation_incremental,8,incremental
20260528-43-04,257-57-1257,257,57,1257,5-7-2,0.010474780041452943,0.010474780041452943,formation_incremental,8,incremental
20260528-43-04,257-57-1257,257,57,1257,7-5-1,0.02066679362354919,0.02066679362354919,formation_incremental,8,incremental
20260528-43-04,257-57-1257,257,57,1257,7-5-2,0.01968905360926586,0.01968905360926586,formation_incremental,8,incremental
20260528-43-05,247-27-2357,247,27,2357,2-7-3,0.03082981959591603,0.03082981959591603,formation_incremental,10,incremental
20260528-43-05,247-27-2357,247,27,2357,2-7-5,0.023218172825991534,0.023218172825991534,formation_incremental,10,incremental
20260528-43-05,247-27-2357,247,27,2357,4-2-3,0.014512090855193631,0.014512090855193631,formation_incremental,10,incremental
20260528-43-05,247-27-2357,247,27,2357,4-2-5,0.010929166565314946,0.010929166565314946,formation_incremental,10,incremental
20260528-43-05,247-27-2357,247,27,2357,4-2-7,0.017666438349675913,0.017666438349675913,formation_incremental,10,incremental
20260528-43-05,247-27-2357,247,27,2357,4-7-2,0.019942776015190025,0.019942776015190025,formation_incremental,10,incremental
20260528-43-05,247-27-2357,247,27,2357,4-7-3,0.01645464983751967,0.01645464983751967,formation_incremental,10,incremental
20260528-43-05,247-27-2357,247,27,2357,4-7-5,0.012392122585411242,0.012392122585411242,formation_incremental,10,incremental
20260528-43-05,247-27-2357,247,27,2357,7-2-3,0.011992294251108511,0.011992294251108511,formation_incremental,10,incremental
20260528-43-05,247-27-2357,247,27,2357,7-2-5,0.009031488479396306,0.009031488479396306,formation_incremental,10,incremental
20260528-43-06,134-13-1357,134,13,1357,1-3-5,0.02147635196849254,0.02147635196849254,formation_incremental,10,incremental
20260528-43-06,134-13-1357,134,13,1357,1-3-7,0.020221017253775408,0.020221017253775408,formation_incremental,10,incremental
20260528-43-06,134-13-1357,134,13,1357,3-1-5,0.008809707193863427,0.008809707193863427,formation_incremental,10,incremental
20260528-43-06,134-13-1357,134,13,1357,3-1-7,0.008294762603498424,0.008294762603498424,formation_incremental,10,incremental
20260528-43-06,134-13-1357,134,13,1357,4-1-3,0.009623819780579088,0.009623819780579088,formation_incremental,10,incremental
20260528-43-06,134-13-1357,134,13,1357,4-1-5,0.008494178367572885,0.008494178367572885,formation_incremental,10,incremental
20260528-43-06,134-13-1357,134,13,1357,4-1-7,0.007997677053315368,0.007997677053315368,formation_incremental,10,incremental
20260528-43-06,134-13-1357,134,13,1357,4-3-1,0.008918164075184306,0.008918164075184306,formation_incremental,10,incremental
20260528-43-06,134-13-1357,134,13,1357,4-3-5,0.007925110272948106,0.007925110272948106,formation_incremental,10,incremental
20260528-43-06,134-13-1357,134,13,1357,4-3-7,0.007461872100180749,0.007461872100180749,formation_incremental,10,incremental
20260528-43-07,124-14-1245,124,14,1245,1-4-2,0.021307449500294333,0.021307449500294333,formation_incremental,8,incremental
20260528-43-07,124-14-1245,124,14,1245,1-4-5,0.01882555720253476,0.01882555720253476,formation_incremental,8,incremental
20260528-43-07,124-14-1245,124,14,1245,2-1-4,0.0054880412232056015,0.0054880412232056015,formation_incremental,8,incremental
20260528-43-07,124-14-1245,124,14,1245,2-1-5,0.005376071221023203,0.005376071221023203,formation_incremental,8,incremental
20260528-43-07,124-14-1245,124,14,1245,2-4-1,0.005895486596341774,0.005895486596341774,formation_incremental,8,incremental
20260528-43-07,124-14-1245,124,14,1245,2-4-5,0.006790593485816587,0.006790593485816587,formation_incremental,8,incremental
20260528-43-07,124-14-1245,124,14,1245,4-1-2,0.02644028571336775,0.02644028571336775,formation_incremental,8,incremental
20260528-43-07,124-14-1245,124,14,1245,4-1-5,0.023360520513799242,0.023360520513799242,formation_incremental,8,incremental
20260528-62-01,157-15-1457,157,15,1457,1-5-4,0.02143305715998769,0.02143305715998769,formation_incremental,8,incremental
20260528-62-01,157-15-1457,157,15,1457,1-5-7,0.024681314806563073,0.024681314806563073,formation_incremental,8,incremental
20260528-62-01,157-15-1457,157,15,1457,5-1-4,0.020749029315740415,0.020749029315740415,formation_incremental,8,incremental
20260528-62-01,157-15-1457,157,15,1457,5-1-7,0.02389362005847836,0.02389362005847836,formation_incremental,8,incremental
20260528-62-01,157-15-1457,157,15,1457,7-1-4,0.008485571984010584,0.008485571984010584,formation_incremental,8,incremental
20260528-62-01,157-15-1457,157,15,1457,7-1-5,0.009149532977807686,0.009149532977807686,formation_incremental,8,incremental
20260528-62-01,157-15-1457,157,15,1457,7-5-1,0.009888688907434445,0.009888688907434445,formation_incremental,8,incremental
20260528-62-01,157-15-1457,157,15,1457,7-5-4,0.008941443606528505,0.008941443606528505,formation_incremental,8,incremental
20260528-62-02,125-25-2345,125,25,2345,1-2-3,0.009019136827559093,0.009019136827559093,formation_incremental,10,incremental
20260528-62-02,125-25-2345,125,25,2345,1-2-4,0.008355427655724532,0.008355427655724532,formation_incremental,10,incremental
20260528-62-02,125-25-2345,125,25,2345,1-2-5,0.010673086988024095,0.010673086988024095,formation_incremental,10,incremental
20260528-62-02,125-25-2345,125,25,2345,1-5-2,0.01053927958941494,0.01053927958941494,formation_incremental,10,incremental
20260528-62-02,125-25-2345,125,25,2345,1-5-3,0.00887771843868502,0.00887771843868502,formation_incremental,10,incremental
20260528-62-02,125-25-2345,125,25,2345,1-5-4,0.008224416103286844,0.008224416103286844,formation_incremental,10,incremental
20260528-62-02,125-25-2345,125,25,2345,2-5-3,0.021028457706848785,0.021028457706848785,formation_incremental,10,incremental
20260528-62-02,125-25-2345,125,25,2345,2-5-4,0.019480994738228105,0.019480994738228105,formation_incremental,10,incremental
20260528-62-02,125-25-2345,125,25,2345,5-2-3,0.01945740093365461,0.01945740093365461,formation_incremental,10,incremental
20260528-62-02,125-25-2345,125,25,2345,5-2-4,0.018025550446558285,0.018025550446558285,formation_incremental,10,incremental
20260528-62-03,145-15-1357,145,15,1357,1-5-3,0.012077226521485044,0.012077226521485044,formation_incremental,10,incremental
20260528-62-03,145-15-1357,145,15,1357,1-5-7,0.013967066028017137,0.013967066028017137,formation_incremental,10,incremental
20260528-62-03,145-15-1357,145,15,1357,4-1-3,0.013163175134282364,0.013163175134282364,formation_incremental,10,incremental
20260528-62-03,145-15-1357,145,15,1357,4-1-5,0.01728431427765764,0.01728431427765764,formation_incremental,10,incremental
20260528-62-03,145-15-1357,145,15,1357,4-1-7,0.015222943439191897,0.015222943439191897,formation_incremental,10,incremental
20260528-62-03,145-15-1357,145,15,1357,4-5-1,0.01577012624103388,0.01577012624103388,formation_incremental,10,incremental
20260528-62-03,145-15-1357,145,15,1357,4-5-3,0.012938274791683491,0.012938274791683491,formation_incremental,10,incremental
20260528-62-03,145-15-1357,145,15,1357,4-5-7,0.014962850782221853,0.014962850782221853,formation_incremental,10,incremental
20260528-62-03,145-15-1357,145,15,1357,5-1-3,0.020220547928339477,0.020220547928339477,formation_incremental,10,incremental
20260528-62-03,145-15-1357,145,15,1357,5-1-7,0.023384651064992643,0.023384651064992643,formation_incremental,10,incremental
20260528-62-04,157-57-1357,157,57,1357,1-5-3,0.0121513494847518,0.0121513494847518,formation_incremental,8,incremental
20260528-62-04,157-57-1357,157,57,1357,1-5-7,0.012174289730212663,0.012174289730212663,formation_incremental,8,incremental
20260528-62-04,157-57-1357,157,57,1357,1-7-3,0.009068161998289552,0.009068161998289552,formation_incremental,8,incremental
20260528-62-04,157-57-1357,157,57,1357,1-7-5,0.011489272427656143,0.011489272427656143,formation_incremental,8,incremental
20260528-62-04,157-57-1357,157,57,1357,5-7-1,0.02023993839434197,0.02023993839434197,formation_incremental,8,incremental
20260528-62-04,157-57-1357,157,57,1357,5-7-3,0.026724455242378518,0.026724455242378518,formation_incremental,8,incremental
20260528-62-04,157-57-1357,157,57,1357,7-5-1,0.01972436949048418,0.01972436949048418,formation_incremental,8,incremental
20260528-62-04,157-57-1357,157,57,1357,7-5-3,0.02604370721701094,0.02604370721701094,formation_incremental,8,incremental
20260528-62-05,135-35-2356,135,35,2356,1-3-2,0.01254959276660473,0.01254959276660473,formation_incremental,10,incremental
20260528-62-05,135-35-2356,135,35,2356,1-3-5,0.01592911741687498,0.01592911741687498,formation_incremental,10,incremental
20260528-62-05,135-35-2356,135,35,2356,1-3-6,0.008743654380472062,0.008743654380472062,formation_incremental,10,incremental
20260528-62-05,135-35-2356,135,35,2356,1-5-2,0.011544403849926667,0.011544403849926667,formation_incremental,10,incremental
20260528-62-05,135-35-2356,135,35,2356,1-5-3,0.01319521165705573,0.01319521165705573,formation_incremental,10,incremental
20260528-62-05,135-35-2356,135,35,2356,1-5-6,0.008043310979855728,0.008043310979855728,formation_incremental,10,incremental
20260528-62-05,135-35-2356,135,35,2356,3-5-2,0.01825124312328242,0.01825124312328242,formation_incremental,10,incremental
20260528-62-05,135-35-2356,135,35,2356,3-5-6,0.012716154607710327,0.012716154607710327,formation_incremental,10,incremental
20260528-62-05,135-35-2356,135,35,2356,5-3-2,0.012032131686030016,0.012032131686030016,formation_incremental,10,incremental
20260528-62-05,135-35-2356,135,35,2356,5-3-6,0.008383124686159519,0.008383124686159519,formation_incremental,10,incremental
20260528-62-08,257-27-1257,257,27,1257,2-7-1,0.01726483623521192,0.01726483623521192,formation_incremental,8,incremental
20260528-62-08,257-27-1257,257,27,1257,2-7-5,0.011011127787059854,0.011011127787059854,formation_incremental,8,incremental
20260528-62-08,257-27-1257,257,27,1257,5-2-1,0.012031169449041906,0.012031169449041906,formation_incremental,8,incremental
20260528-62-08,257-27-1257,257,27,1257,5-2-7,0.01344235298636866,0.01344235298636866,formation_incremental,8,incremental
20260528-62-08,257-27-1257,257,27,1257,5-7-1,0.015415999523598616,0.015415999523598616,formation_incremental,8,incremental
20260528-62-08,257-27-1257,257,27,1257,5-7-2,0.013389252541149624,0.013389252541149624,formation_incremental,8,incremental
20260528-62-08,257-27-1257,257,27,1257,7-2-1,0.012786456177923134,0.012786456177923134,formation_incremental,8,incremental
20260528-62-08,257-27-1257,257,27,1257,7-2-5,0.008154916791599926,0.008154916791599926,formation_incremental,8,incremental
20260528-62-09,235-25-2357,235,25,2357,2-5-3,0.017126461639889633,0.017126461639889633,formation_incremental,8,incremental
20260528-62-09,235-25-2357,235,25,2357,2-5-7,0.013282975020839258,0.013282975020839258,formation_incremental,8,incremental
20260528-62-09,235-25-2357,235,25,2357,3-2-5,0.010203242014355251,0.010203242014355251,formation_incremental,8,incremental
20260528-62-09,235-25-2357,235,25,2357,3-2-7,0.007643778657498797,0.007643778657498797,formation_incremental,8,incremental
20260528-62-09,235-25-2357,235,25,2357,3-5-2,0.010430021227817379,0.010430021227817379,formation_incremental,8,incremental
20260528-62-09,235-25-2357,235,25,2357,3-5-7,0.009808578648445667,0.009808578648445667,formation_incremental,8,incremental
20260528-62-09,235-25-2357,235,25,2357,5-2-3,0.013636736784541824,0.013636736784541824,formation_incremental,8,incremental
20260528-62-09,235-25-2357,235,25,2357,5-2-7,0.010576407309548395,0.010576407309548395,formation_incremental,8,incremental
20260528-62-10,125-15-1357,125,15,1357,1-5-3,0.017243566454870796,0.017243566454870796,formation_incremental,10,incremental
20260528-62-10,125-15-1357,125,15,1357,1-5-7,0.014436730647542554,0.014436730647542554,formation_incremental,10,incremental
20260528-62-10,125-15-1357,125,15,1357,2-1-3,0.0131348868999721,0.0131348868999721,formation_incremental,10,incremental
20260528-62-10,125-15-1357,125,15,1357,2-1-5,0.015745212516546637,0.015745212516546637,formation_incremental,10,incremental
20260528-62-10,125-15-1357,125,15,1357,2-1-7,0.010996844809170497,0.010996844809170497,formation_incremental,10,incremental
20260528-62-10,125-15-1357,125,15,1357,2-5-1,0.01830285006228377,0.01830285006228377,formation_incremental,10,incremental
20260528-62-10,125-15-1357,125,15,1357,2-5-3,0.014957929303332564,0.014957929303332564,formation_incremental,10,incremental
20260528-62-10,125-15-1357,125,15,1357,2-5-7,0.012523139975848698,0.012523139975848698,formation_incremental,10,incremental
20260528-62-10,125-15-1357,125,15,1357,5-1-3,0.0260481388169292,0.0260481388169292,formation_incremental,10,incremental
20260528-62-10,125-15-1357,125,15,1357,5-1-7,0.021808131453199563,0.021808131453199563,formation_incremental,10,incremental
20260528-62-11,125-25-2345,125,25,2345,1-2-3,0.013142861968815775,0.013142861968815775,formation_incremental,10,incremental
20260528-62-11,125-25-2345,125,25,2345,1-2-4,0.011512658867747902,0.011512658867747902,formation_incremental,10,incremental
20260528-62-11,125-25-2345,125,25,2345,1-2-5,0.015076199703417536,0.015076199703417536,formation_incremental,10,incremental
20260528-62-11,125-25-2345,125,25,2345,1-5-2,0.018888938403995473,0.018888938403995473,formation_incremental,10,incremental
20260528-62-11,125-25-2345,125,25,2345,1-5-3,0.015473693159647046,0.015473693159647046,formation_incremental,10,incremental
20260528-62-11,125-25-2345,125,25,2345,1-5-4,0.013554380407699894,0.013554380407699894,formation_incremental,10,incremental
20260528-62-11,125-25-2345,125,25,2345,2-5-3,0.014495289625885447,0.014495289625885447,formation_incremental,10,incremental
20260528-62-11,125-25-2345,125,25,2345,2-5-4,0.012697335256809425,0.012697335256809425,formation_incremental,10,incremental
20260528-62-11,125-25-2345,125,25,2345,5-2-3,0.027410426944888124,0.027410426944888124,formation_incremental,10,incremental
20260528-62-11,125-25-2345,125,25,2345,5-2-4,0.024010515790592008,0.024010515790592008,formation_incremental,10,incremental
20260528-62-12,345-35-3457,345,35,3457,3-5-4,0.011076904659474517,0.011076904659474517,formation_incremental,8,incremental
20260528-62-12,345-35-3457,345,35,3457,3-5-7,0.01168965501098461,0.01168965501098461,formation_incremental,8,incremental
20260528-62-12,345-35-3457,345,35,3457,4-3-5,0.01753732424757977,0.01753732424757977,formation_incremental,8,incremental
20260528-62-12,345-35-3457,345,35,3457,4-3-7,0.013668875517757494,0.013668875517757494,formation_incremental,8,incremental
20260528-62-12,345-35-3457,345,35,3457,4-5-3,0.014235738789286637,0.014235738789286637,formation_incremental,8,incremental
20260528-62-12,345-35-3457,345,35,3457,4-5-7,0.010849477147874662,0.010849477147874662,formation_incremental,8,incremental
20260528-62-12,345-35-3457,345,35,3457,5-3-4,0.01172599427269884,0.01172599427269884,formation_incremental,8,incremental
20260528-62-12,345-35-3457,345,35,3457,5-3-7,0.012374650854414186,0.012374650854414186,formation_incremental,8,incremental
20260528-75-01,247-47-2347,247,47,2347,2-4-3,0.014095915576968572,0.014095915576968572,formation_incremental,8,incremental
20260528-75-01,247-47-2347,247,47,2347,2-4-7,0.01834445595385787,0.01834445595385787,formation_incremental,8,incremental
20260528-75-01,247-47-2347,247,47,2347,2-7-3,0.014654521451057674,0.014654521451057674,formation_incremental,8,incremental
20260528-75-01,247-47-2347,247,47,2347,2-7-4,0.01662904886801311,0.01662904886801311,formation_incremental,8,incremental
20260528-75-01,247-47-2347,247,47,2347,4-7-2,0.013002900507526088,0.013002900507526088,formation_incremental,8,incremental
20260528-75-01,247-47-2347,247,47,2347,4-7-3,0.018744297403223836,0.018744297403223836,formation_incremental,8,incremental
20260528-75-01,247-47-2347,247,47,2347,7-4-2,0.013407443538231811,0.013407443538231811,formation_incremental,8,incremental
20260528-75-01,247-47-2347,247,47,2347,7-4-3,0.01932746535683239,0.01932746535683239,formation_incremental,8,incremental
20260528-75-02,145-15-1235,145,15,1235,1-5-2,0.008566381948221116,0.008566381948221116,formation_incremental,10,incremental
20260528-75-02,145-15-1235,145,15,1235,1-5-3,0.007475337923505324,0.007475337923505324,formation_incremental,10,incremental
20260528-75-02,145-15-1235,145,15,1235,4-1-2,0.008515496942068672,0.008515496942068672,formation_incremental,10,incremental
20260528-75-02,145-15-1235,145,15,1235,4-1-3,0.00743093380768042,0.00743093380768042,formation_incremental,10,incremental
20260528-75-02,145-15-1235,145,15,1235,4-1-5,0.0104556410383188,0.0104556410383188,formation_incremental,10,incremental
20260528-75-02,145-15-1235,145,15,1235,4-5-1,0.010081171509482161,0.010081171509482161,formation_incremental,10,incremental
20260528-75-02,145-15-1235,145,15,1235,4-5-2,0.00965706294324252,0.00965706294324252,formation_incremental,10,incremental
20260528-75-02,145-15-1235,145,15,1235,4-5-3,0.008427106015777126,0.008427106015777126,formation_incremental,10,incremental
20260528-75-02,145-15-1235,145,15,1235,5-1-2,0.00991548376721037,0.00991548376721037,formation_incremental,10,incremental
20260528-75-02,145-15-1235,145,15,1235,5-1-3,0.008652613470068434,0.008652613470068434,formation_incremental,10,incremental
20260528-75-03,157-17-1237,157,17,1237,1-7-2,0.019620177437169876,0.019620177437169876,formation_incremental,10,incremental
20260528-75-03,157-17-1237,157,17,1237,1-7-3,0.01607447331389662,0.01607447331389662,formation_incremental,10,incremental
20260528-75-03,157-17-1237,157,17,1237,5-1-2,0.012740614588842835,0.012740614588842835,formation_incremental,10,incremental
20260528-75-03,157-17-1237,157,17,1237,5-1-3,0.010438166008784952,0.010438166008784952,formation_incremental,10,incremental
20260528-75-03,157-17-1237,157,17,1237,5-1-7,0.016910174130138525,0.016910174130138525,formation_incremental,10,incremental
20260528-75-03,157-17-1237,157,17,1237,5-7-1,0.01335224385581693,0.01335224385581693,formation_incremental,10,incremental
20260528-75-03,157-17-1237,157,17,1237,5-7-2,0.011152216812700153,0.011152216812700153,formation_incremental,10,incremental
20260528-75-03,157-17-1237,157,17,1237,5-7-3,0.009136819079267009,0.009136819079267009,formation_incremental,10,incremental
20260528-75-03,157-17-1237,157,17,1237,7-1-2,0.01070151344891844,0.01070151344891844,formation_incremental,10,incremental
20260528-75-03,157-17-1237,157,17,1237,7-1-3,0.008767565579048021,0.008767565579048021,formation_incremental,10,incremental
20260528-75-04,247-47-1347,247,47,1347,2-4-1,0.009669321450657093,0.009669321450657093,formation_incremental,10,incremental
20260528-75-04,247-47-1347,247,47,1347,2-4-3,0.010639395544026228,0.010639395544026228,formation_incremental,10,incremental
20260528-75-04,247-47-1347,247,47,1347,2-4-7,0.010914966968371945,0.010914966968371945,formation_incremental,10,incremental
20260528-75-04,247-47-1347,247,47,1347,2-7-1,0.010285656578638475,0.010285656578638475,formation_incremental,10,incremental
20260528-75-04,247-47-1347,247,47,1347,2-7-3,0.011317564456677935,0.011317564456677935,formation_incremental,10,incremental
20260528-75-04,247-47-1347,247,47,1347,2-7-4,0.012722659485957582,0.012722659485957582,formation_incremental,10,incremental
20260528-75-04,247-47-1347,247,47,1347,4-7-1,0.011392222871292526,0.011392222871292526,formation_incremental,10,incremental
20260528-75-04,247-47-1347,247,47,1347,4-7-3,0.012535146946133086,0.012535146946133086,formation_incremental,10,incremental
20260528-75-04,247-47-1347,247,47,1347,7-4-1,0.012726326618711727,0.012726326618711727,formation_incremental,10,incremental
20260528-75-04,247-47-1347,247,47,1347,7-4-3,0.014003094571826713,0.014003094571826713,formation_incremental,10,incremental
20260528-75-05,123-12-2347,123,12,2347,1-2-3,0.012549480680710361,0.012549480680710361,formation_incremental,11,incremental
20260528-75-05,123-12-2347,123,12,2347,1-2-4,0.011615951827030357,0.011615951827030357,formation_incremental,11,incremental
20260528-75-05,123-12-2347,123,12,2347,1-2-7,0.01641899051368339,0.01641899051368339,formation_incremental,11,incremental
20260528-75-05,123-12-2347,123,12,2347,2-1-3,0.013243070311564024,0.013243070311564024,formation_incremental,11,incremental
20260528-75-05,123-12-2347,123,12,2347,2-1-4,0.012257946818273918,0.012257946818273918,formation_incremental,11,incremental
20260528-75-05,123-12-2347,123,12,2347,2-1-7,0.017326441734902432,0.017326441734902432,formation_incremental,11,incremental
20260528-75-05,123-12-2347,123,12,2347,3-1-2,0.01478496694940072,0.01478496694940072,formation_incremental,11,incremental
20260528-75-05,123-12-2347,123,12,2347,3-1-4,0.010471455772613577,0.010471455772613577,formation_incremental,11,incremental
20260528-75-05,123-12-2347,123,12,2347,3-1-7,0.014801260848457905,0.014801260848457905,formation_incremental,11,incremental
20260528-75-05,123-12-2347,123,12,2347,3-2-4,0.011980843592136048,0.011980843592136048,formation_incremental,11,incremental
20260528-75-05,123-12-2347,123,12,2347,3-2-7,0.016934760079449846,0.016934760079449846,formation_incremental,11,incremental
20260528-75-06,124-14-1247,124,14,1247,1-4-2,0.014993192177608035,0.014993192177608035,formation_incremental,8,incremental
20260528-75-06,124-14-1247,124,14,1247,1-4-7,0.013781636400345796,0.013781636400345796,formation_incremental,8,incremental
20260528-75-06,124-14-1247,124,14,1247,2-1-4,0.015323902263002152,0.015323902263002152,formation_incremental,8,incremental
20260528-75-06,124-14-1247,124,14,1247,2-1-7,0.010538084733514575,0.010538084733514575,formation_incremental,8,incremental
20260528-75-06,124-14-1247,124,14,1247,2-4-1,0.014101170965218226,0.014101170965218226,formation_incremental,8,incremental
20260528-75-06,124-14-1247,124,14,1247,2-4-7,0.010830496660634563,0.010830496660634563,formation_incremental,8,incremental
20260528-75-06,124-14-1247,124,14,1247,4-1-2,0.018802470544112604,0.018802470544112604,formation_incremental,8,incremental
20260528-75-06,124-14-1247,124,14,1247,4-1-7,0.01728309818199852,0.01728309818199852,formation_incremental,8,incremental
20260528-75-07,457-45-1457,457,45,1457,4-5-1,0.010740327393308675,0.010740327393308675,formation_incremental,8,incremental
20260528-75-07,457-45-1457,457,45,1457,4-5-7,0.008869012893342373,0.008869012893342373,formation_incremental,8,incremental
20260528-75-07,457-45-1457,457,45,1457,5-4-1,0.015614563194385875,0.015614563194385875,formation_incremental,8,incremental
20260528-75-07,457-45-1457,457,45,1457,5-4-7,0.012893998220314545,0.012893998220314545,formation_incremental,8,incremental
20260528-75-07,457-45-1457,457,45,1457,7-4-1,0.009162184114447898,0.009162184114447898,formation_incremental,8,incremental
20260528-75-07,457-45-1457,457,45,1457,7-4-5,0.010381553598639884,0.010381553598639884,formation_incremental,8,incremental
20260528-75-07,457-45-1457,457,45,1457,7-5-1,0.009950513085784414,0.009950513085784414,formation_incremental,8,incremental
20260528-75-07,457-45-1457,457,45,1457,7-5-4,0.010789149437796913,0.010789149437796913,formation_incremental,8,incremental
20260528-81-03,123-13-1234,123,13,1234,1-3-2,0.020554163104424907,0.020554163104424907,formation_incremental,8,incremental
20260528-81-03,123-13-1234,123,13,1234,1-3-4,0.019190021749905466,0.019190021749905466,formation_incremental,8,incremental
20260528-81-03,123-13-1234,123,13,1234,2-1-3,0.02824243570202631,0.02824243570202631,formation_incremental,8,incremental
20260528-81-03,123-13-1234,123,13,1234,2-1-4,0.023814595541136272,0.023814595541136272,formation_incremental,8,incremental
20260528-81-03,123-13-1234,123,13,1234,2-3-1,0.021900080223784337,0.021900080223784337,formation_incremental,8,incremental
20260528-81-03,123-13-1234,123,13,1234,2-3-4,0.022972477627474765,0.022972477627474765,formation_incremental,8,incremental
20260528-81-03,123-13-1234,123,13,1234,3-1-2,0.01188198278515371,0.01188198278515371,formation_incremental,8,incremental
20260528-81-03,123-13-1234,123,13,1234,3-1-4,0.011093397815356187,0.011093397815356187,formation_incremental,8,incremental
20260528-81-04,135-12-1234,135,12,1234,1-2-3,0.014818557122579379,0.014818557122579379,formation_incremental,12,incremental
20260528-81-04,135-12-1234,135,12,1234,1-2-4,0.013338384988725797,0.013338384988725797,formation_incremental,12,incremental
20260528-81-04,135-12-1234,135,12,1234,3-1-2,0.0170032929798112,0.0170032929798112,formation_incremental,12,incremental
20260528-81-04,135-12-1234,135,12,1234,3-1-4,0.013744003254570926,0.013744003254570926,formation_incremental,12,incremental
20260528-81-04,135-12-1234,135,12,1234,3-2-1,0.01607835670974571,0.01607835670974571,formation_incremental,12,incremental
20260528-81-04,135-12-1234,135,12,1234,3-2-4,0.011175116936829212,0.011175116936829212,formation_incremental,12,incremental
20260528-81-04,135-12-1234,135,12,1234,5-1-2,0.013334203130465976,0.013334203130465976,formation_incremental,12,incremental
20260528-81-04,135-12-1234,135,12,1234,5-1-3,0.011974294860761106,0.011974294860761106,formation_incremental,12,incremental
20260528-81-04,135-12-1234,135,12,1234,5-1-4,0.01077822580836745,0.01077822580836745,formation_incremental,12,incremental
20260528-81-04,135-12-1234,135,12,1234,5-2-1,0.012608856097839254,0.012608856097839254,formation_incremental,12,incremental
20260528-81-04,135-12-1234,135,12,1234,5-2-3,0.009736184052530331,0.009736184052530331,formation_incremental,12,incremental
20260528-81-04,135-12-1234,135,12,1234,5-2-4,0.008763671802827807,0.008763671802827807,formation_incremental,12,incremental
20260528-81-05,124-12-1234,124,12,1234,1-2-3,0.012864156145991863,0.012864156145991863,formation_incremental,8,incremental
20260528-81-05,124-12-1234,124,12,1234,1-2-4,0.013569441999851878,0.013569441999851878,formation_incremental,8,incremental
20260528-81-05,124-12-1234,124,12,1234,2-1-3,0.00967450011037249,0.00967450011037249,formation_incremental,8,incremental
20260528-81-05,124-12-1234,124,12,1234,2-1-4,0.010204910966209221,0.010204910966209221,formation_incremental,8,incremental
20260528-81-05,124-12-1234,124,12,1234,4-1-2,0.015991123173620943,0.015991123173620943,formation_incremental,8,incremental
20260528-81-05,124-12-1234,124,12,1234,4-1-3,0.012979768826983373,0.012979768826983373,formation_incremental,8,incremental
20260528-81-05,124-12-1234,124,12,1234,4-2-1,0.013033143784074832,0.013033143784074832,formation_incremental,8,incremental
20260528-81-05,124-12-1234,124,12,1234,4-2-3,0.012455573653203938,0.012455573653203938,formation_incremental,8,incremental
20260528-81-06,124-12-1235,124,12,1235,1-2-3,0.0287849410069611,0.0287849410069611,formation_incremental,10,incremental
20260528-81-06,124-12-1235,124,12,1235,1-2-5,0.017550296037189578,0.017550296037189578,formation_incremental,10,incremental
20260528-81-06,124-12-1235,124,12,1235,2-1-3,0.026330500583700796,0.026330500583700796,formation_incremental,10,incremental
20260528-81-06,124-12-1235,124,12,1235,2-1-5,0.016053813691665714,0.016053813691665714,formation_incremental,10,incremental
20260528-81-06,124-12-1235,124,12,1235,4-1-2,0.015716920336254603,0.015716920336254603,formation_incremental,10,incremental
20260528-81-06,124-12-1235,124,12,1235,4-1-3,0.01911831436354468,0.01911831436354468,formation_incremental,10,incremental
20260528-81-06,124-12-1235,124,12,1235,4-1-5,0.011656514311810494,0.011656514311810494,formation_incremental,10,incremental
20260528-81-06,124-12-1235,124,12,1235,4-2-1,0.015444304907740555,0.015444304907740555,formation_incremental,10,incremental
20260528-81-06,124-12-1235,124,12,1235,4-2-3,0.01678565481332538,0.01678565481332538,formation_incremental,10,incremental
20260528-81-06,124-12-1235,124,12,1235,4-2-5,0.010234282261710899,0.010234282261710899,formation_incremental,10,incremental
20260528-81-07,123-12-1234,123,12,1234,1-2-3,0.015538856094765274,0.015538856094765274,formation_incremental,8,incremental
20260528-81-07,123-12-1234,123,12,1234,1-2-4,0.013339075095665325,0.013339075095665325,formation_incremental,8,incremental
20260528-81-07,123-12-1234,123,12,1234,2-1-3,0.01816698267071794,0.01816698267071794,formation_incremental,8,incremental
20260528-81-07,123-12-1234,123,12,1234,2-1-4,0.015595147070574491,0.015595147070574491,formation_incremental,8,incremental
20260528-81-07,123-12-1234,123,12,1234,3-1-2,0.01661111696832864,0.01661111696832864,formation_incremental,8,incremental
20260528-81-07,123-12-1234,123,12,1234,3-1-4,0.012826780854752536,0.012826780854752536,formation_incremental,8,incremental
20260528-81-07,123-12-1234,123,12,1234,3-2-1,0.017531714211035374,0.017531714211035374,formation_incremental,8,incremental
20260528-81-07,123-12-1234,123,12,1234,3-2-4,0.013470684914431059,0.013470684914431059,formation_incremental,8,incremental
20260528-81-08,125-12-1234,125,12,1234,1-2-3,0.034240024111785776,0.034240024111785776,formation_incremental,10,incremental
20260528-81-08,125-12-1234,125,12,1234,1-2-4,0.02592788007699477,0.02592788007699477,formation_incremental,10,incremental
20260528-81-08,125-12-1234,125,12,1234,2-1-3,0.014503582189746586,0.014503582189746586,formation_incremental,10,incremental
20260528-81-08,125-12-1234,125,12,1234,2-1-4,0.010982677420870954,0.010982677420870954,formation_incremental,10,incremental
20260528-81-08,125-12-1234,125,12,1234,5-1-2,0.011700581028833715,0.011700581028833715,formation_incremental,10,incremental
20260528-81-08,125-12-1234,125,12,1234,5-1-3,0.011020982664996957,0.011020982664996957,formation_incremental,10,incremental
20260528-81-08,125-12-1234,125,12,1234,5-1-4,0.008345517396125926,0.008345517396125926,formation_incremental,10,incremental
20260528-81-08,125-12-1234,125,12,1234,5-2-1,0.011072524472751989,0.011072524472751989,formation_incremental,10,incremental
20260528-81-08,125-12-1234,125,12,1234,5-2-3,0.01145868366692724,0.01145868366692724,formation_incremental,10,incremental
20260528-81-08,125-12-1234,125,12,1234,5-2-4,0.008676961645422539,0.008676961645422539,formation_incremental,10,incremental
20260528-81-09,123-12-1234,123,12,1234,1-2-3,0.012369201601678882,0.012369201601678882,formation_incremental,8,incremental
20260528-81-09,123-12-1234,123,12,1234,1-2-4,0.012846096305757558,0.012846096305757558,formation_incremental,8,incremental
20260528-81-09,123-12-1234,123,12,1234,2-1-3,0.011103375087107048,0.011103375087107048,formation_incremental,8,incremental
20260528-81-09,123-12-1234,123,12,1234,2-1-4,0.011531465835965224,0.011531465835965224,formation_incremental,8,incremental
20260528-81-09,123-12-1234,123,12,1234,3-1-2,0.010952785676902095,0.010952785676902095,formation_incremental,8,incremental
20260528-81-09,123-12-1234,123,12,1234,3-1-4,0.011300808596941755,0.011300808596941755,formation_incremental,8,incremental
20260528-81-09,123-12-1234,123,12,1234,3-2-1,0.011705458288812346,0.011705458288812346,formation_incremental,8,incremental
20260528-81-09,123-12-1234,123,12,1234,3-2-4,0.00893191728714092,0.00893191728714092,formation_incremental,8,incremental
