date,venue,venue_code,race_number,scheduled_start_time,deadline_time,race_id,title,category,formation,first_numbers,second_numbers,third_numbers,ticket_count,combined_odds,estimated_hit_rate,estimated_hit_rate_pct,selected_tickets,status,late_generated,actual_ticket,actual_payout_units,invested_units,returned_units,profit_units
2026-05-27,弥彦,21,11,15:22,15:17,20260527-21-11,Ｓ級予選,Ｓ級予選,157-17-2457,157,17,2457,11,2.579677867783,0.2678,26.78,1-7-2|1-7-4|1-7-5|5-1-2|5-1-4|5-1-7|5-7-2|5-7-4|7-1-2|7-1-4|7-1-5,miss,False,2-7-3,319.4,11.0,0.0,-11.0
2026-05-27,大垣,44,11,15:37,15:32,20260527-44-11,Ａ級決勝,Ａ級決勝,134-34-1237,134,34,1237,11,4.130498127903,0.2429,24.29,1-3-2|1-3-7|1-4-2|1-4-3|1-4-7|3-4-1|3-4-2|3-4-7|4-3-1|4-3-2|4-3-7,miss,False,5-1-7,157.9,11.0,0.0,-11.0
2026-05-27,別府,86,1,15:45,15:40,20260527-86-01,Ａ級一般,Ａ級一般,134-45-1234,134,45,1234,13,1.997949899973,0.4062,40.62,1-4-2|1-4-3|1-5-2|1-5-3|1-5-4|3-4-1|3-4-2|3-5-1|3-5-2|3-5-4|4-5-1|4-5-2|4-5-3,hit,False,1-4-2,3.4,13.0,3.4,-9.6
2026-05-27,弥彦,21,12,15:52,15:47,20260527-21-12,Ｓ級初特選,Ｓ級初特選,256-27-1235,256,27,1235,15,5.032502392275,0.2394,23.94,2-7-1|2-7-3|2-7-5|5-2-1|5-2-3|5-7-1|5-7-2|5-7-3|6-2-1|6-2-3|6-2-5|6-7-1|6-7-2|6-7-3|6-7-5,miss,False,6-2-7,52.0,15.0,0.0,-15.0
2026-05-27,前橋,22,1,15:59,15:54,20260527-22-01,Ａ級チ一般,Ａ級チ一般,137-13-1357,137,13,1357,8,3.123470551142,0.1562,15.62,1-3-5|1-3-7|3-1-5|3-1-7|7-1-3|7-1-5|7-3-1|7-3-5,miss,False,1-3-4,3.8,8.0,0.0,-8.0
2026-05-27,別府,86,2,16:07,16:02,20260527-86-02,Ａ級一般,Ａ級一般,235-23-1234,235,23,1234,10,2.382765288864,0.3132,31.32,2-3-1|2-3-4|3-2-1|3-2-4|5-2-1|5-2-3|5-2-4|5-3-1|5-3-2|5-3-4,hit,False,2-3-4,12.6,10.0,12.6,2.6
2026-05-27,大垣,44,12,16:15,16:10,20260527-44-12,Ｓ級決勝,Ｓ級決勝,257-25-2457,257,25,2457,8,5.714669432635,0.1409,14.09,2-5-4|2-5-7|5-2-4|5-2-7|7-2-4|7-2-5|7-5-2|7-5-4,miss,False,6-1-7,553.4,8.0,0.0,-8.0
2026-05-27,前橋,22,2,16:22,16:17,20260527-22-02,Ａ級チ一般,Ａ級チ一般,147-17-2347,147,17,2347,11,1.475101268675,0.2491,24.91,1-7-2|1-7-3|1-7-4|4-1-2|4-1-3|4-1-7|4-7-2|4-7-3|7-1-2|7-1-3|7-1-4,hit,False,7-1-2,2.9,11.0,2.9,-8.1
2026-05-27,別府,86,3,16:33,16:28,20260527-86-03,Ａ級特選,Ａ級特選,124-14-1247,124,14,1247,8,7.064473011036,0.2005,20.05,1-4-2|1-4-7|2-1-4|2-1-7|2-4-1|2-4-7|4-1-2|4-1-7,miss,False,4-3-5,42.0,8.0,0.0,-8.0
2026-05-27,前橋,22,3,16:46,16:41,20260527-22-03,Ａ級チ準決,Ａ級チ準決,125-25-1345,125,25,1345,11,2.100747135833,0.2676,26.76,1-2-3|1-2-4|1-2-5|1-5-3|1-5-4|2-5-1|2-5-3|2-5-4|5-2-1|5-2-3|5-2-4,miss,False,5-2-6,52.0,11.0,0.0,-11.0
2026-05-27,別府,86,4,16:59,16:54,20260527-86-04,Ａ級特選,Ａ級特選,235-35-1247,235,35,1247,14,2.453245732649,0.3185,31.85,2-3-1|2-3-4|2-3-7|2-5-1|2-5-4|2-5-7|3-5-1|3-5-2|3-5-4|3-5-7|5-3-1|5-3-2|5-3-4|5-3-7,miss,False,3-2-1,87.4,14.0,0.0,-14.0
2026-05-27,前橋,22,4,17:12,17:07,20260527-22-04,Ａ級チ準決,Ａ級チ準決,123-17-1245,123,17,1245,15,23.115321841446,0.2468,24.68,1-7-2|1-7-4|1-7-5|2-1-4|2-1-5|2-7-1|2-7-4|2-7-5|3-1-2|3-1-4|3-1-5|3-7-1|3-7-2|3-7-4|3-7-5,miss,False,1-6-4,2.5,15.0,0.0,-15.0
2026-05-27,別府,86,5,17:25,17:20,20260527-86-05,Ｓ級一般,Ｓ級一般,125-45-1234,125,45,1234,13,1.918651904196,0.3487,34.87,1-4-2|1-4-3|1-5-2|1-5-3|1-5-4|2-4-1|2-4-3|2-5-1|2-5-3|2-5-4|5-4-1|5-4-2|5-4-3,miss,False,4-2-5,81.9,13.0,0.0,-13.0
2026-05-27,別府,86,6,17:51,17:46,20260527-86-06,Ｓ級一般,Ｓ級一般,235-23-1237,235,23,1237,10,4.895052612677,0.2177,21.77,2-3-1|2-3-7|3-2-1|3-2-7|5-2-1|5-2-3|5-2-7|5-3-1|5-3-2|5-3-7,miss,False,3-5-6,25.0,10.0,0.0,-10.0
2026-05-27,別府,86,7,18:17,18:12,20260527-86-07,Ｓ級一般,Ｓ級一般,234-34-2347,234,34,2347,8,4.182955483965,0.1459,14.59,2-3-4|2-3-7|2-4-3|2-4-7|3-4-2|3-4-7|4-3-2|4-3-7,hit,False,2-4-3,43.5,8.0,43.5,35.5
2026-05-27,別府,86,8,18:43,18:38,20260527-86-08,Ｓ級特選,Ｓ級特選,135-15-1345,135,15,1345,8,3.607573254785,0.1724,17.24,1-5-3|1-5-4|3-1-4|3-1-5|3-5-1|3-5-4|5-1-3|5-1-4,hit,False,1-5-3,17.7,8.0,17.7,9.7
2026-05-27,前橋,22,8,18:56,18:51,20260527-22-08,Ａ級特一般,Ａ級特一般,125-57-1357,125,57,1357,12,3.019550340547,0.2358,23.58,1-5-3|1-5-7|1-7-3|1-7-5|2-5-1|2-5-3|2-5-7|2-7-1|2-7-3|2-7-5|5-7-1|5-7-3,miss,False,2-3-7,66.4,12.0,0.0,-12.0
2026-05-27,別府,86,9,19:09,19:04,20260527-86-09,Ｓ級特選,Ｓ級特選,137-57-2457,137,57,2457,14,5.738530322962,0.2922,29.22,1-5-2|1-5-4|1-5-7|1-7-2|1-7-4|1-7-5|3-5-2|3-5-4|3-5-7|3-7-2|3-7-4|3-7-5|7-5-2|7-5-4,miss,False,4-2-3,196.4,14.0,0.0,-14.0
2026-05-27,前橋,22,9,19:22,19:17,20260527-22-09,Ａ級準決勝,Ａ級準決勝,245-25-1345,245,25,1345,11,3.413994121945,0.2441,24.41,2-5-1|2-5-3|2-5-4|4-2-1|4-2-3|4-2-5|4-5-1|4-5-3|5-2-1|5-2-3|5-2-4,miss,False,5-4-3,91.2,11.0,0.0,-11.0
2026-05-27,別府,86,10,19:35,19:30,20260527-86-10,Ｓ級特選,Ｓ級特選,157-57-1367,157,57,1367,11,5.107284366342,0.246,24.6,1-5-3|1-5-6|1-5-7|1-7-3|1-7-6|5-7-1|5-7-3|5-7-6|7-5-1|7-5-3|7-5-6,miss,False,1-7-5,14.4,11.0,0.0,-11.0
2026-05-27,前橋,22,10,19:48,19:43,20260527-22-10,Ａ級準決勝,Ａ級準決勝,347-47-1347,347,47,1347,8,1.382203568604,0.1643,16.43,3-4-1|3-4-7|3-7-1|3-7-4|4-7-1|4-7-3|7-4-1|7-4-3,hit,False,4-7-3,2.5,8.0,2.5,-5.5
2026-05-27,別府,86,11,20:02,19:57,20260527-86-11,Ａ級決勝,Ａ級決勝,127-24-1237,127,24,1237,13,4.087515761179,0.2054,20.54,1-2-3|1-2-7|1-4-2|1-4-3|1-4-7|2-4-1|2-4-3|2-4-7|7-2-1|7-2-3|7-4-1|7-4-2|7-4-3,miss,False,1-7-4,6.8,13.0,0.0,-13.0
2026-05-27,前橋,22,11,20:16,20:11,20260527-22-11,Ａ級準決勝,Ａ級準決勝,156-15-2456,156,15,2456,11,4.550682571645,0.2325,23.25,1-5-2|1-5-4|1-5-6|5-1-2|5-1-4|5-1-6|6-1-2|6-1-4|6-1-5|6-5-2|6-5-4,miss,False,4-1-2,67.4,11.0,0.0,-11.0
2026-05-27,名古屋,42,1,20:41,20:36,20260527-42-01,Ａ級チ一般,Ａ級チ一般,124-24-1345,124,24,1345,11,4.32777777346,0.2274,22.74,1-2-3|1-2-4|1-2-5|1-4-3|1-4-5|2-4-1|2-4-3|2-4-5|4-2-1|4-2-3|4-2-5,miss,False,2-7-3,11.0,11.0,0.0,-11.0
2026-05-27,名古屋,42,2,21:05,21:00,20260527-42-02,Ａ級チ一般,Ａ級チ一般,123-12-1236,123,12,1236,8,4.068792059888,0.1549,15.49,1-2-3|1-2-6|2-1-3|2-1-6|3-1-2|3-1-6|3-2-1|3-2-6,miss,False,1-4-3,278.4,8.0,0.0,-8.0
2026-05-27,玉野,61,2,21:13,21:08,20260527-61-02,Ａ級チ一般,Ａ級チ一般,137-27-1345,137,27,1345,16,3.243084450733,0.2342,23.42,1-2-3|1-2-4|1-2-5|1-7-3|1-7-4|1-7-5|3-2-1|3-2-4|3-2-5|3-7-1|3-7-4|3-7-5|7-2-1|7-2-3|7-2-4|7-2-5,miss,False,3-6-7,63.4,16.0,0.0,-16.0
2026-05-27,名古屋,42,3,21:29,21:24,20260527-42-03,Ａ級チ一般,Ａ級チ一般,124-12-1345,124,12,1345,11,5.219721158787,0.1981,19.81,1-2-3|1-2-4|1-2-5|2-1-3|2-1-4|2-1-5|4-1-3|4-1-5|4-2-1|4-2-3|4-2-5,miss,False,1-6-4,7.2,11.0,0.0,-11.0
2026-05-27,玉野,61,3,21:37,21:32,20260527-61-03,Ａ級チ一般,Ａ級チ一般,124-14-1234,124,14,1234,8,1.506653674133,0.1719,17.19,1-4-2|1-4-3|2-1-3|2-1-4|2-4-1|2-4-3|4-1-2|4-1-3,hit,False,1-4-3,36.1,8.0,36.1,28.1
2026-05-27,京王閣,27,3,21:45,21:40,20260527-27-03,Ａ級一般,Ａ級一般,123-12-1245,123,12,1245,10,3.211305425704,0.1427,14.27,1-2-4|1-2-5|2-1-4|2-1-5|3-1-2|3-1-4|3-1-5|3-2-1|3-2-4|3-2-5,hit,False,3-1-5,101.0,10.0,101.0,91.0
2026-05-27,名古屋,42,4,21:53,21:48,20260527-42-04,Ａ級チ選抜,Ａ級チ選抜,245-23-1235,245,23,1235,12,4.23210984465,0.2129,21.29,2-3-1|2-3-5|4-2-1|4-2-3|4-2-5|4-3-1|4-3-2|4-3-5|5-2-1|5-2-3|5-3-1|5-3-2,miss,False,1-6-4,489.4,12.0,0.0,-12.0
2026-05-27,玉野,61,4,22:01,21:56,20260527-61-04,Ａ級チ選抜,Ａ級チ選抜,123-13-1234,123,13,1234,8,3.771282858544,0.1384,13.84,1-3-2|1-3-4|2-1-3|2-1-4|2-3-1|2-3-4|3-1-2|3-1-4,miss,False,1-3-5,5.5,8.0,0.0,-8.0
2026-05-27,名古屋,42,5,22:18,22:13,20260527-42-05,Ａ級チ選抜,Ａ級チ選抜,123-13-1245,123,13,1245,11,4.540644872452,0.1992,19.92,1-3-2|1-3-4|1-3-5|2-1-4|2-1-5|2-3-1|2-3-4|2-3-5|3-1-2|3-1-4|3-1-5,miss,False,6-4-2,44.2,11.0,0.0,-11.0
2026-05-27,玉野,61,5,22:27,22:22,20260527-61-05,Ａ級チ選抜,Ａ級チ選抜,134-14-1234,134,14,1234,8,1.575928126408,0.1578,15.78,1-4-2|1-4-3|3-1-2|3-1-4|3-4-1|3-4-2|4-1-2|4-1-3,hit,False,1-4-2,3.9,8.0,3.9,-4.1
2026-05-27,名古屋,42,6,22:45,22:40,20260527-42-06,Ａ級チ選抜,Ａ級チ選抜,123-12-1234,123,12,1234,8,1.430958059025,0.1439,14.39,1-2-3|1-2-4|2-1-3|2-1-4|3-1-2|3-1-4|3-2-1|3-2-4,hit,False,2-1-3,2.7,8.0,2.7,-5.3
2026-05-27,玉野,61,6,22:54,22:49,20260527-61-06,Ａ級チ選抜,Ａ級チ選抜,124-14-1234,124,14,1234,8,3.065591475276,0.149,14.9,1-4-2|1-4-3|2-1-3|2-1-4|2-4-1|2-4-3|4-1-2|4-1-3,miss,False,2-4-5,45.6,8.0,0.0,-8.0
2026-05-27,名古屋,42,7,23:12,23:07,20260527-42-07,Ａ級チ決勝,Ａ級チ決勝,123-23-1245,123,23,1245,11,3.69820450331,0.3081,30.81,1-2-4|1-2-5|1-3-2|1-3-4|1-3-5|2-3-1|2-3-4|2-3-5|3-2-1|3-2-4|3-2-5,miss,False,2-4-1,9.4,11.0,0.0,-11.0
2026-05-27,玉野,61,7,23:21,23:16,20260527-61-07,Ａ級チ決勝,Ａ級チ決勝,123-12-1234,123,12,1234,8,2.717955011058,0.1513,15.13,1-2-3|1-2-4|2-1-3|2-1-4|3-1-2|3-1-4|3-2-1|3-2-4,hit,False,1-2-3,13.4,8.0,13.4,5.4
2026-05-28,松山,75,1,08:30,08:25,20260528-75-01,Ａ級一般,Ａ級一般,247-37-1237,247,37,1237,12,2.937590197975,0.2031,20.31,2-3-1|2-3-7|2-7-1|2-7-3|4-3-1|4-3-2|4-3-7|4-7-1|4-7-2|4-7-3|7-3-1|7-3-2,miss,False,7-4-1,50.9,12.0,0.0,-12.0
2026-05-28,岐阜,43,1,08:40,08:35,20260528-43-01,Ａ級チ予選,Ａ級チ予選,127-57-1235,127,57,1235,13,3.058572794517,0.2407,24.07,1-5-2|1-5-3|1-7-2|1-7-3|1-7-5|2-5-1|2-5-3|2-7-1|2-7-3|2-7-5|7-5-1|7-5-2|7-5-3,miss,False,7-1-4,18.0,13.0,0.0,-13.0
2026-05-28,松山,75,2,08:50,08:45,20260528-75-02,Ａ級一般,Ａ級一般,457-57-1235,457,57,1235,13,3.501422097188,0.2205,22.05,4-5-1|4-5-2|4-5-3|4-7-1|4-7-2|4-7-3|4-7-5|5-7-1|5-7-2|5-7-3|7-5-1|7-5-2|7-5-3,miss,False,6-1-7,91.7,13.0,0.0,-13.0
2026-05-28,岐阜,43,2,09:00,08:55,20260528-43-02,Ａ級チ予選,Ａ級チ予選,157-25-1247,157,25,1247,13,3.816951125961,0.2534,25.34,1-2-4|1-2-7|1-5-2|1-5-4|1-5-7|5-2-1|5-2-4|5-2-7|7-2-1|7-2-4|7-5-1|7-5-2|7-5-4,miss,False,5-4-2,415.1,13.0,0.0,-13.0
2026-05-28,松山,75,3,09:10,09:05,20260528-75-03,Ａ級一般,Ａ級一般,157-17-1247,157,17,1247,10,2.58242285032,0.1654,16.54,1-7-2|1-7-4|5-1-2|5-1-4|5-1-7|5-7-1|5-7-2|5-7-4|7-1-2|7-1-4,miss,False,1-7-5,8.5,10.0,0.0,-10.0
2026-05-28,岐阜,43,3,09:20,09:15,20260528-43-03,Ａ級チ予選,Ａ級チ予選,125-15-1235,125,15,1235,8,3.624791184945,0.1887,18.87,1-5-2|1-5-3|2-1-3|2-1-5|2-5-1|2-5-3|5-1-2|5-1-3,miss,False,5-2-3,73.7,8.0,0.0,-8.0
2026-05-28,松山,75,4,09:30,09:25,20260528-75-04,Ａ級特選,Ａ級特選,347-34-1234,347,34,1234,10,5.825645394333,0.198,19.8,3-4-1|3-4-2|4-3-1|4-3-2|7-3-1|7-3-2|7-3-4|7-4-1|7-4-2|7-4-3,miss,False,6-2-5,519.1,10.0,0.0,-10.0
2026-05-28,岐阜,43,4,09:40,09:35,20260528-43-04,Ａ級チ予選,Ａ級チ予選,157-17-1247,157,17,1247,10,1.066402357407,0.1934,19.34,1-7-2|1-7-4|5-1-2|5-1-4|5-1-7|5-7-1|5-7-2|5-7-4|7-1-2|7-1-4,hit,False,7-1-4,1.7,10.0,1.7,-8.3
2026-05-28,松山,75,5,09:50,09:45,20260528-75-05,Ａ級特選,Ａ級特選,237-27-1247,237,27,1247,10,8.91363402232,0.1728,17.28,2-7-1|2-7-4|3-2-1|3-2-4|3-2-7|3-7-1|3-7-2|3-7-4|7-2-1|7-2-4,miss,False,3-4-5,78.5,10.0,0.0,-10.0
2026-05-28,岐阜,43,5,10:00,09:55,20260528-43-05,Ａ級チ予選,Ａ級チ予選,247-27-1237,247,27,1237,10,7.192188427659,0.2332,23.32,2-7-1|2-7-3|4-2-1|4-2-3|4-2-7|4-7-1|4-7-2|4-7-3|7-2-1|7-2-3,miss,False,2-7-6,14.1,10.0,0.0,-10.0
2026-05-28,松山,75,6,10:10,10:05,20260528-75-06,Ａ級特選,Ａ級特選,124-24-1247,124,24,1247,8,2.848753116314,0.1991,19.91,1-2-4|1-2-7|1-4-2|1-4-7|2-4-1|2-4-7|4-2-1|4-2-7,miss,False,4-2-3,16.3,8.0,0.0,-8.0
2026-05-28,松山,75,7,10:30,10:25,20260528-75-07,Ａ級決勝,Ａ級決勝,256-45-1345,256,45,1345,14,3.467414532387,0.226,22.6,2-4-1|2-4-3|2-4-5|2-5-1|2-5-3|2-5-4|5-4-1|5-4-3|6-4-1|6-4-3|6-4-5|6-5-1|6-5-3|6-5-4,miss,False,2-3-7,233.0,14.0,0.0,-14.0
2026-05-28,岐阜,43,7,10:40,10:35,20260528-43-07,Ａ級チ予選,Ａ級チ予選,124-24-1235,124,24,1235,11,5.385368967209,0.2945,29.45,1-2-3|1-2-5|1-4-2|1-4-3|1-4-5|2-4-1|2-4-3|2-4-5|4-2-1|4-2-3|4-2-5,miss,False,4-2-7,1.9,11.0,0.0,-11.0
2026-05-28,広島,62,3,11:37,11:32,20260528-62-03,Ａ級予選,Ａ級予選,145-15-1357,145,15,1357,10,3.860523988153,0.1679,16.79,1-5-3|1-5-7|4-1-3|4-1-5|4-1-7|4-5-1|4-5-3|4-5-7|5-1-3|5-1-7,miss,False,4-1-2,86.2,10.0,0.0,-10.0
2026-05-28,広島,62,4,12:05,12:00,20260528-62-04,Ａ級予選,Ａ級予選,357-35-1357,357,35,1357,8,7.775335367933,0.1537,15.37,3-5-1|3-5-7|5-3-1|5-3-7|7-3-1|7-3-5|7-5-1|7-5-3,miss,False,5-1-3,6.3,8.0,0.0,-8.0
2026-05-28,広島,62,5,12:33,12:28,20260528-62-05,Ａ級初特選,Ａ級初特選,135-35-2345,135,35,2345,10,14.799223677198,0.1589,15.89,1-3-2|1-3-4|1-3-5|1-5-2|1-5-3|1-5-4|3-5-2|3-5-4|5-3-2|5-3-4,miss,False,3-6-7,44.6,10.0,0.0,-10.0
2026-05-28,広島,62,8,13:57,13:52,20260528-62-08,Ｓ級予選,Ｓ級予選,235-27-1247,235,27,1247,14,7.23084482169,0.1777,17.77,2-7-1|2-7-4|3-2-1|3-2-4|3-2-7|3-7-1|3-7-2|3-7-4|5-2-1|5-2-4|5-2-7|5-7-1|5-7-2|5-7-4,hit,False,5-7-1,74.3,14.0,74.3,60.3
2026-05-28,伊東,37,1,15:45,15:40,20260528-37-01,Ａ級予選,Ａ級予選,234-23-2347,234,23,2347,8,3.064346209381,0.1409,14.09,2-3-4|2-3-7|3-2-4|3-2-7|4-2-3|4-2-7|4-3-2|4-3-7,miss,False,2-4-7,25.7,8.0,0.0,-8.0
2026-05-28,伊東,37,2,16:07,16:02,20260528-37-02,Ａ級予選,Ａ級予選,237-23-2347,237,23,2347,8,2.790545059351,0.1453,14.53,2-3-4|2-3-7|3-2-4|3-2-7|7-2-3|7-2-4|7-3-2|7-3-4,miss,False,2-7-3,5.3,8.0,0.0,-8.0
2026-05-28,伊東,37,3,16:33,16:28,20260528-37-03,Ａ級予選,Ａ級予選,134-14-1245,134,14,1245,10,5.595854110365,0.1683,16.83,1-4-2|1-4-5|3-1-2|3-1-4|3-1-5|3-4-1|3-4-2|3-4-5|4-1-2|4-1-5,miss,False,4-1-7,3.7,10.0,0.0,-10.0
2026-05-28,伊東,37,4,16:59,16:54,20260528-37-04,Ａ級予選,Ａ級予選,247-34-3457,247,34,3457,12,6.187134011221,0.1541,15.41,2-3-4|2-3-5|2-3-7|2-4-3|2-4-5|2-4-7|4-3-5|4-3-7|7-3-4|7-3-5|7-4-3|7-4-5,miss,False,4-2-1,6.7,12.0,0.0,-12.0
2026-05-28,伊東,37,5,17:25,17:20,20260528-37-05,Ａ級初特選,Ａ級初特選,567-27-2347,567,27,2347,14,5.897527668174,0.1849,18.49,5-2-3|5-2-4|5-2-7|5-7-2|5-7-3|5-7-4|6-2-3|6-2-4|6-2-7|6-7-2|6-7-3|6-7-4|7-2-3|7-2-4,hit,False,6-2-7,23.4,14.0,23.4,9.4
2026-05-28,伊東,37,8,18:43,18:38,20260528-37-08,Ｓ級予選,Ｓ級予選,127-47-1245,127,47,1245,13,7.715095299919,0.1492,14.92,1-4-2|1-4-5|1-7-2|1-7-4|1-7-5|2-4-1|2-4-5|2-7-1|2-7-4|2-7-5|7-4-1|7-4-2|7-4-5,miss,False,5-7-2,38.6,13.0,0.0,-13.0
2026-05-28,伊東,37,11,20:02,19:57,20260528-37-11,Ｓ級予選,Ｓ級予選,145-35-1234,145,35,1234,13,2.965086598026,0.1734,17.34,1-3-2|1-3-4|1-5-2|1-5-3|1-5-4|4-3-1|4-3-2|4-5-1|4-5-2|4-5-3|5-3-1|5-3-2|5-3-4,hit,False,4-5-1,72.9,13.0,72.9,59.9
2026-05-28,青森,12,3,21:20,21:15,20260528-12-03,Ａ級予選,Ａ級予選,124-12-1234,124,12,1234,8,5.573382771993,0.152,15.2,1-2-3|1-2-4|2-1-3|2-1-4|4-1-2|4-1-3|4-2-1|4-2-3,miss,False,3-2-1,14.8,8.0,0.0,-8.0
2026-05-28,小倉,81,3,21:30,21:25,20260528-81-03,Ａ級予選,Ａ級予選,123-13-1234,123,13,1234,8,2.602438617401,0.139,13.9,1-3-2|1-3-4|2-1-3|2-1-4|2-3-1|2-3-4|3-1-2|3-1-4,hit,False,1-3-2,45.2,8.0,45.2,37.2
2026-05-28,小倉,81,4,21:50,21:45,20260528-81-04,Ａ級予選,Ａ級予選,135-12-1234,135,12,1234,12,3.649359344704,0.1801,18.01,1-2-3|1-2-4|3-1-2|3-1-4|3-2-1|3-2-4|5-1-2|5-1-3|5-1-4|5-2-1|5-2-3|5-2-4,miss,False,1-5-2,18.2,12.0,0.0,-12.0
2026-05-28,青森,12,5,22:00,21:55,20260528-12-05,Ａ級予選,Ａ級予選,123-12-1234,123,12,1234,8,2.899943221425,0.1425,14.25,1-2-3|1-2-4|2-1-3|2-1-4|3-1-2|3-1-4|3-2-1|3-2-4,miss,False,2-4-1,18.1,8.0,0.0,-8.0
2026-05-28,小倉,81,5,22:10,22:05,20260528-81-05,Ａ級予選,Ａ級予選,134-12-1234,134,12,1234,10,4.531707295291,0.1478,14.78,1-2-3|1-2-4|3-1-2|3-1-4|3-2-1|3-2-4|4-1-2|4-1-3|4-2-1|4-2-3,miss,False,2-7-6,789.4,10.0,0.0,-10.0
2026-05-28,小倉,81,6,22:30,22:25,20260528-81-06,Ａ級予選,Ａ級予選,124-13-1235,124,13,1235,12,3.589622862141,0.1851,18.51,1-3-2|1-3-5|2-1-3|2-1-5|2-3-1|2-3-5|4-1-2|4-1-3|4-1-5|4-3-1|4-3-2|4-3-5,miss,False,1-2-6,41.1,12.0,0.0,-12.0
2026-05-28,青森,12,7,22:40,22:35,20260528-12-07,Ａ級予選,Ａ級予選,135-12-1234,135,12,1234,12,2.431405178118,0.1537,15.37,1-2-3|1-2-4|3-1-2|3-1-4|3-2-1|3-2-4|5-1-2|5-1-3|5-1-4|5-2-1|5-2-3|5-2-4,miss,False,1-2-7,3.8,12.0,0.0,-12.0
2026-05-28,青森,12,8,23:00,22:55,20260528-12-08,Ａ級予選,Ａ級予選,123-12-1234,123,12,1234,8,3.634004398865,0.1619,16.19,1-2-3|1-2-4|2-1-3|2-1-4|3-1-2|3-1-4|3-2-1|3-2-4,miss,False,1-2-5,1.6,8.0,0.0,-8.0
2026-05-28,小倉,81,8,23:10,23:05,20260528-81-08,Ａ級予選,Ａ級予選,125-12-1234,125,12,1234,10,2.18748367835,0.1539,15.39,1-2-3|1-2-4|2-1-3|2-1-4|5-1-2|5-1-3|5-1-4|5-2-1|5-2-3|5-2-4,miss,False,1-2-6,5.6,10.0,0.0,-10.0
2026-05-28,小倉,81,9,23:30,23:25,20260528-81-09,Ａ級初特選,Ａ級初特選,125-12-1346,125,12,1346,13,2.270403138817,0.1468,14.68,1-2-3|1-2-4|1-2-6|2-1-3|2-1-4|2-1-6|5-1-3|5-1-4|5-1-6|5-2-1|5-2-3|5-2-4|5-2-6,miss,False,2-1-5,25.5,13.0,0.0,-13.0
2026-05-29,岐阜,43,1,08:30,08:25,20260529-43-01,Ａ級チ一般,Ａ級チ一般,256-23-2456,256,23,2456,13,,0.237003710957,23.7,2-3-4|2-3-5|2-3-6|5-2-4|5-2-6|5-3-2|5-3-4|5-3-6|6-2-4|6-2-5|6-3-2|6-3-4|6-3-5,pending,False,,,13,0.0,-13.0
2026-05-29,岐阜,43,2,08:50,08:45,20260529-43-02,Ａ級チ一般,Ａ級チ一般,247-24-2347,247,24,2347,8,,0.151419870878,15.14,2-4-3|2-4-7|4-2-3|4-2-7|7-2-3|7-2-4|7-4-2|7-4-3,pending,False,,,8,0.0,-8.0
2026-05-29,岐阜,43,3,09:11,09:06,20260529-43-03,Ａ級チ選抜,Ａ級チ選抜,235-25-1257,235,25,1257,10,,0.162082624993,16.21,2-5-1|2-5-7|3-2-1|3-2-5|3-2-7|3-5-1|3-5-2|3-5-7|5-2-1|5-2-7,pending,False,,,10,0.0,-10.0
2026-05-29,岐阜,43,4,09:32,09:27,20260529-43-04,Ａ級チ選抜,Ａ級チ選抜,123-23-1235,123,23,1235,8,,0.161452859691,16.15,1-2-3|1-2-5|1-3-2|1-3-5|2-3-1|2-3-5|3-2-1|3-2-5,pending,False,,,8,0.0,-8.0
2026-05-29,岐阜,43,5,09:53,09:48,20260529-43-05,Ａ級チ準決,Ａ級チ準決,247-27-1237,247,27,1237,10,,0.249733027289,24.97,2-7-1|2-7-3|4-2-1|4-2-3|4-2-7|4-7-1|4-7-2|4-7-3|7-2-1|7-2-3,pending,False,,,10,0.0,-10.0
2026-05-29,岐阜,43,6,10:14,10:09,20260529-43-06,Ａ級チ準決,Ａ級チ準決,147-17-1234,147,17,1234,11,,0.34357711319,34.36,1-7-2|1-7-3|1-7-4|4-1-2|4-1-3|4-7-1|4-7-2|4-7-3|7-1-2|7-1-3|7-1-4,pending,False,,,11,0.0,-11.0
2026-05-29,岐阜,43,7,10:35,10:30,20260529-43-07,Ａ級チ準決,Ａ級チ準決,457-57-1357,457,57,1357,10,,0.212954982125,21.3,4-5-1|4-5-3|4-5-7|4-7-1|4-7-3|4-7-5|5-7-1|5-7-3|7-5-1|7-5-3,pending,False,,,10,0.0,-10.0
2026-05-29,弥彦,21,1,10:53,10:48,20260529-21-01,Ａ級一般,Ａ級一般,125-15-2345,125,15,2345,11,,0.21441638139,21.44,1-5-2|1-5-3|1-5-4|2-1-3|2-1-4|2-1-5|2-5-3|2-5-4|5-1-2|5-1-3|5-1-4,pending,False,,,11,0.0,-11.0
2026-05-29,熊本,87,1,11:01,10:56,20260529-87-01,Ａ級特予選,Ａ級特予選,257-27-1247,257,27,1247,10,,0.197099850514,19.71,2-7-1|2-7-4|5-2-1|5-2-4|5-2-7|5-7-1|5-7-2|5-7-4|7-2-1|7-2-4,pending,False,,,10,0.0,-10.0
2026-05-29,広島,62,2,11:10,11:05,20260529-62-02,Ａ級一般,Ａ級一般,345-35-2345,345,35,2345,8,,0.161807201306,16.18,3-5-2|3-5-4|4-3-2|4-3-5|4-5-2|4-5-3|5-3-2|5-3-4,pending,False,,,8,0.0,-8.0
2026-05-29,弥彦,21,2,11:19,11:14,20260529-21-02,Ａ級一般,Ａ級一般,135-15-1347,135,15,1347,11,,0.178303327682,17.83,1-5-3|1-5-4|1-5-7|3-1-4|3-1-7|3-5-1|3-5-4|3-5-7|5-1-3|5-1-4|5-1-7,pending,False,,,11,0.0,-11.0
2026-05-29,熊本,87,2,11:28,11:23,20260529-87-02,Ａ級特予選,Ａ級特予選,257-57-1237,257,57,1237,11,,0.288334774999,28.83,2-5-1|2-5-3|2-5-7|2-7-1|2-7-3|5-7-1|5-7-2|5-7-3|7-5-1|7-5-2|7-5-3,pending,False,,,11,0.0,-11.0
2026-05-29,広島,62,3,11:37,11:32,20260529-62-03,Ａ級準決勝,Ａ級準決勝,125-26-2356,125,26,2356,12,,0.210713044048,21.07,1-2-3|1-2-5|1-2-6|1-6-2|1-6-3|1-6-5|2-6-3|2-6-5|5-2-3|5-2-6|5-6-2|5-6-3,pending,False,,,12,0.0,-12.0
2026-05-29,弥彦,21,3,11:46,11:41,20260529-21-03,Ａ級特選,Ａ級特選,257-27-1257,257,27,1257,8,,0.248980167504,24.9,2-7-1|2-7-5|5-2-1|5-2-7|5-7-1|5-7-2|7-2-1|7-2-5,pending,False,,,8,0.0,-8.0
2026-05-29,熊本,87,3,11:55,11:50,20260529-87-03,Ａ級特予選,Ａ級特予選,135-15-1345,135,15,1345,8,,0.239555447546,23.96,1-5-3|1-5-4|3-1-4|3-1-5|3-5-1|3-5-4|5-1-3|5-1-4,pending,False,,,8,0.0,-8.0
2026-05-29,広島,62,4,12:05,12:00,20260529-62-04,Ａ級準決勝,Ａ級準決勝,157-15-1235,157,15,1235,10,,0.198185514419,19.82,1-5-2|1-5-3|5-1-2|5-1-3|7-1-2|7-1-3|7-1-5|7-5-1|7-5-2|7-5-3,pending,False,,,10,0.0,-10.0
2026-05-29,弥彦,21,4,12:15,12:10,20260529-21-04,Ａ級特選,Ａ級特選,127-27-1235,127,27,1235,11,,0.222868137276,22.29,1-2-3|1-2-5|1-7-2|1-7-3|1-7-5|2-7-1|2-7-3|2-7-5|7-2-1|7-2-3|7-2-5,pending,False,,,11,0.0,-11.0
2026-05-29,熊本,87,4,12:25,12:20,20260529-87-04,Ａ級初特選,Ａ級初特選,245-45-1345,245,45,1345,10,,0.198969952745,19.9,2-4-1|2-4-3|2-4-5|2-5-1|2-5-3|2-5-4|4-5-1|4-5-3|5-4-1|5-4-3,pending,False,,,10,0.0,-10.0
2026-05-29,広島,62,5,12:35,12:30,20260529-62-05,Ａ級準決勝,Ａ級準決勝,124-14-1245,124,14,1245,8,,0.221670080728,22.17,1-4-2|1-4-5|2-1-4|2-1-5|2-4-1|2-4-5|4-1-2|4-1-5,pending,False,,,8,0.0,-8.0
2026-05-29,弥彦,21,5,12:45,12:40,20260529-21-05,Ｓ級一般,Ｓ級一般,347-24-2457,347,24,2457,12,,0.210041013744,21.0,3-2-4|3-2-5|3-2-7|3-4-2|3-4-5|3-4-7|4-2-5|4-2-7|7-2-4|7-2-5|7-4-2|7-4-5,pending,False,,,12,0.0,-12.0
2026-05-29,弥彦,21,6,13:15,13:10,20260529-21-06,Ｓ級一般,Ｓ級一般,247-24-1457,247,24,1457,11,,0.206217659421,20.62,2-4-1|2-4-5|2-4-7|4-2-1|4-2-5|4-2-7|7-2-1|7-2-4|7-2-5|7-4-1|7-4-5,pending,False,,,11,0.0,-11.0
2026-05-29,弥彦,21,7,13:45,13:40,20260529-21-07,Ｓ級一般,Ｓ級一般,147-14-1347,147,14,1347,8,,0.172764342293,17.28,1-4-3|1-4-7|4-1-3|4-1-7|7-1-3|7-1-4|7-4-1|7-4-3,pending,False,,,8,0.0,-8.0
2026-05-29,熊本,87,7,13:55,13:50,20260529-87-07,Ａ級男ア予,Ａ級男ア予,126-46-2467,126,46,2467,12,,0.236009205306,23.6,1-4-2|1-4-6|1-4-7|1-6-2|1-6-4|1-6-7|2-4-6|2-4-7|2-6-4|2-6-7|6-4-2|6-4-7,pending,False,,,12,0.0,-12.0
2026-05-29,広島,62,8,14:05,14:00,20260529-62-08,Ｓ級一般,Ｓ級一般,137-17-1457,137,17,1457,10,,0.18099222014,18.1,1-7-4|1-7-5|3-1-4|3-1-5|3-1-7|3-7-1|3-7-4|3-7-5|7-1-4|7-1-5,pending,False,,,10,0.0,-10.0
2026-05-29,弥彦,21,8,14:15,14:10,20260529-21-08,Ｓ級特選,Ｓ級特選,135-13-1457,135,13,1457,11,,0.184390652974,18.44,1-3-4|1-3-5|1-3-7|3-1-4|3-1-5|3-1-7|5-1-4|5-1-7|5-3-1|5-3-4|5-3-7,pending,False,,,11,0.0,-11.0
2026-05-29,熊本,87,8,14:25,14:20,20260529-87-08,Ａ級男ア予,Ａ級男ア予,467-67-1467,467,67,1467,8,,0.345943839523,34.59,4-6-1|4-6-7|4-7-1|4-7-6|6-7-1|6-7-4|7-6-1|7-6-4,pending,False,,,8,0.0,-8.0
2026-05-29,広島,62,9,14:35,14:30,20260529-62-09,Ｓ級一般,Ｓ級一般,145-15-1257,145,15,1257,10,,0.163434216714,16.34,1-5-2|1-5-7|4-1-2|4-1-5|4-1-7|4-5-1|4-5-2|4-5-7|5-1-2|5-1-7,pending,False,,,10,0.0,-10.0
2026-05-29,弥彦,21,9,14:45,14:40,20260529-21-09,Ｓ級特選,Ｓ級特選,247-24-1247,247,24,1247,8,,0.139084632987,13.91,2-4-1|2-4-7|4-2-1|4-2-7|7-2-1|7-2-4|7-4-1|7-4-2,pending,False,,,8,0.0,-8.0
2026-05-29,熊本,87,9,14:55,14:50,20260529-87-09,Ａ級男ア予,Ａ級男ア予,234-34-1235,234,34,1235,11,,0.442771883411,44.28,2-3-1|2-3-5|2-4-1|2-4-3|2-4-5|3-4-1|3-4-2|3-4-5|4-3-1|4-3-2|4-3-5,pending,False,,,11,0.0,-11.0
2026-05-29,広島,62,10,15:05,15:00,20260529-62-10,Ｓ級準決勝,Ｓ級準決勝,125-25-1256,125,25,1256,8,,0.20227095543,20.23,1-2-5|1-2-6|1-5-2|1-5-6|2-5-1|2-5-6|5-2-1|5-2-6,pending,False,,,8,0.0,-8.0
2026-05-29,弥彦,21,10,15:15,15:10,20260529-21-10,Ｓ級特選,Ｓ級特選,134-14-2457,134,14,2457,13,,0.281709467963,28.17,1-4-2|1-4-5|1-4-7|3-1-2|3-1-4|3-1-5|3-1-7|3-4-2|3-4-5|3-4-7|4-1-2|4-1-5|4-1-7,pending,False,,,13,0.0,-13.0
2026-05-29,熊本,87,10,15:25,15:20,20260529-87-10,Ａ級男ア予,Ａ級男ア予,567-47-2456,567,47,2456,13,,0.391407415237,39.14,5-4-2|5-4-6|5-7-2|5-7-4|5-7-6|6-4-2|6-4-5|6-7-2|6-7-4|6-7-5|7-4-2|7-4-5|7-4-6,pending,False,,,13,0.0,-13.0
2026-05-29,広島,62,11,15:36,15:31,20260529-62-11,Ｓ級準決勝,Ｓ級準決勝,245-27-2345,245,27,2345,13,,0.294345701616,29.43,2-7-3|2-7-4|2-7-5|4-2-3|4-2-5|4-7-2|4-7-3|4-7-5|5-2-3|5-2-4|5-7-2|5-7-3|5-7-4,pending,False,,,13,0.0,-13.0
2026-05-29,弥彦,21,11,15:47,15:42,20260529-21-11,Ａ級決勝,Ａ級決勝,347-47-2345,347,47,2345,11,,0.248551587138,24.86,3-4-2|3-4-5|3-7-2|3-7-4|3-7-5|4-7-2|4-7-3|4-7-5|7-4-2|7-4-3|7-4-5,pending,False,,,11,0.0,-11.0
2026-05-29,熊本,87,11,15:56,15:51,20260529-87-11,Ａ級男ア予,Ａ級男ア予,137-17-1347,137,17,1347,8,,0.382919081899,38.29,1-7-3|1-7-4|3-1-4|3-1-7|3-7-1|3-7-4|7-1-3|7-1-4,pending,False,,,8,0.0,-8.0
2026-05-29,伊東,37,1,16:04,15:59,20260529-37-01,Ａ級一般,Ａ級一般,347-57-1457,347,57,1457,12,,0.15924544925,15.92,3-5-1|3-5-4|3-5-7|3-7-1|3-7-4|3-7-5|4-5-1|4-5-7|4-7-1|4-7-5|7-5-1|7-5-4,pending,False,,,12,0.0,-12.0
2026-05-29,広島,62,12,16:11,16:06,20260529-62-12,Ｓ級準決勝,Ｓ級準決勝,124-14-1245,124,14,1245,8,,0.245059865403,24.51,1-4-2|1-4-5|2-1-4|2-1-5|2-4-1|2-4-5|4-1-2|4-1-5,pending,False,,,8,0.0,-8.0
2026-05-29,弥彦,21,12,16:20,16:15,20260529-21-12,Ｓ級決勝,Ｓ級決勝,234-35-2357,234,35,2357,12,,0.188345661836,18.83,2-3-5|2-3-7|2-5-3|2-5-7|3-5-2|3-5-7|4-3-2|4-3-5|4-3-7|4-5-2|4-5-3|4-5-7,pending,False,,,12,0.0,-12.0
2026-05-29,伊東,37,2,16:27,16:22,20260529-37-02,Ａ級一般,Ａ級一般,123-27-2347,123,27,2347,12,,0.149567524316,14.96,1-2-3|1-2-4|1-2-7|1-7-2|1-7-3|1-7-4|2-7-3|2-7-4|3-2-4|3-2-7|3-7-2|3-7-4,pending,False,,,12,0.0,-12.0
2026-05-29,伊東,37,6,18:00,17:55,20260529-37-06,Ｓ級一般,Ｓ級一般,136-13-2345,136,13,2345,13,,0.173953942867,17.4,1-3-2|1-3-4|1-3-5|3-1-2|3-1-4|3-1-5|6-1-2|6-1-3|6-1-4|6-1-5|6-3-2|6-3-4|6-3-5,pending,False,,,13,0.0,-13.0
2026-05-29,伊東,37,12,20:30,20:25,20260529-37-12,Ｓ級準決勝,Ｓ級準決勝,124-14-1257,124,14,1257,11,,0.147198371134,14.72,1-4-2|1-4-5|1-4-7|2-1-5|2-1-7|2-4-1|2-4-5|2-4-7|4-1-2|4-1-5|4-1-7,pending,False,,,11,0.0,-11.0
